Publisher Name,Publisher Registry Id,Transaction - Commitment (with valid data),Transaction - Disbursement or Expenditure (with valid data),Transaction - Traceability (with valid data),Budget (with valid data),Average (with valid data),Transaction - Commitment (with any data),Transaction - Disbursement or Expenditure (with any data),Transaction - Traceability (with any data),Budget (with any data),Average (with any data)
50 Eight Limited,fifty_eight,0,100,0,100,50,0,100,0,100,50
7iber Media Consulting,7iberdotcom,0,100,100,100,75,0,100,100,100,75
Aapasi Sahayog Kendra Syangja Nepal (ASK Nepal),ask,0,50,0,100,38,0,50,0,100,38
Aasaman Nepal,aasaman,-,-,-,-,0,-,-,-,-,0
ABAAD - Resource Center for Gender Equality,arcfge,0,50,-,83,33,0,50,-,83,33
Abaseen Foundation UK,abaseen,-,-,-,-,0,-,-,-,-,0
Abdul Latif Jameel Poverty Action Lab at MIT,jpal,50,0,100,100,62,50,0,100,100,62
Able Child Africa,ablechildafrica,-,-,-,-,0,-,-,-,-,0
Abt Associates Inc,abt,50,100,0,50,50,50,100,0,100,62
Abt Britain Limited,abtbritain,0,0,75,100,44,0,0,75,100,44
Academy for Health Development (AHEAD),ahead,100,100,100,100,100,100,100,100,100,100
Académie de recherche et d'enseignement supérieur,ares,-,-,-,-,0,-,-,-,-,0
Accelerator Nepal,acceleratornepal,0,100,-,100,50,0,100,-,100,50
Access to Medicine Foundation,atmf,100,-,0,100,50,100,-,0,100,50
Access to Seeds Foundation,atsf,0,0,-,0,0,0,0,-,0,0
Accountability Lab,alab,50,50,100,50,62,50,50,100,50,62
Accountable Now,accountablenow,0,0,-,100,25,0,0,-,100,25
Acid Survivors Foundation,_admin,0,100,-,100,50,0,100,-,100,50
ACODEV,acodev,100,100,-,100,75,100,100,-,100,75
Across,across,-,-,-,-,0,-,-,-,-,0
ACT Alliance,act_alliance,0,100,-,100,50,0,100,-,100,50
act4africa,act4africa,-,-,-,-,0,-,-,-,-,0
ACTED,acted,0,0,50,50,25,0,0,50,50,25
ACTION AGAINST HUNGER SPAIN,acfspain,0,50,100,100,62,0,50,100,100,62
Action Against Hunger UK,acf,0,96,13,100,52,0,96,13,100,52
Action Against Hunger USA,aahusa,0,0,-,100,25,0,0,-,100,25
Action Canada for Sexual Health and Rights,acfshr,100,0,0,100,50,100,0,0,100,50
Action Contre la Faim,acf-fr,-,-,-,-,0,-,-,-,-,0
ActionAid Bangladesh,aab,71,100,0,100,68,71,100,0,100,68
ActionAid Denmark (Mellemfolkeligt Samvirke),aadk,100,-,100,0,50,100,-,100,0,50
ActionAid Ghana,aag,-,-,-,-,0,-,-,-,-,0
ActionAid International,aai,-,-,-,-,0,-,-,-,-,0
ACTIONAID INTERNATIONAL KENYA,aaik,50,100,50,100,75,50,100,50,100,75
ActionAid International Nepal,aain,0,100,0,100,50,0,100,0,100,50
ActionAid Rwanda,aar,-,-,-,-,0,-,-,-,-,0
ActionAid UK,aauk,75,91,23,100,72,75,91,23,100,72
Acumen,acumen,0,60,0,100,40,0,60,0,100,40
Adam Smith International,asi,0,50,100,100,62,0,50,100,100,62
Adaptation Fund,af,100,-,100,0,50,100,-,100,0,50
ADD International (Action on Disability and Development),addinternational,25,0,0,92,29,25,0,0,92,29
Administração de Infra-Estruturas de Águas e Saneamento,aias,0,100,100,100,75,0,100,100,100,75
ADRA Denmark,adra-dk,0,0,50,100,38,0,0,50,100,38
ADRA-UK,adrauk,100,100,0,100,75,100,100,0,100,75
ADS-Nyanza,ads-nyanza,-,-,-,-,0,-,-,-,-,0
Advance Consulting,ac1999,100,0,100,100,75,100,0,100,100,75
Adventist Development and Relief Agency (ADRA Somalia),adrasom,-,-,-,-,0,-,-,-,-,0
"Adventist Development and Relief Agency, Nepal",adra_nepal,-,-,-,-,0,-,-,-,-,0
AECOM,aecom,2,2,0,100,26,2,2,0,100,26
Aeras,aeras,0,100,100,100,75,0,100,100,100,75
AFELT,afelt,-,-,-,-,0,-,-,-,-,0
AFEW International,afewinternational,-,-,-,-,0,-,-,-,-,0
Afghanaid,afghanaid,0,50,0,50,25,0,50,0,100,38
Afghanistan and Central Asian Association,acaa,-,-,-,-,0,-,-,-,-,0
Afghanistan Public Policy Research Organization (APPRO),appro-af,-,-,-,-,0,-,-,-,-,0
Africa Educational Trust,aet,0,50,0,0,12,0,50,0,100,38
Africa Philanthropy Network,apn,0,0,-,0,0,0,0,-,0,0
Africalia,africalia,80,90,0,90,65,80,90,0,90,65
African Academy of Sciences,aas,0,0,0,100,25,0,0,0,100,25
African Center for Economic Transformation (ACET),acet,0,100,0,100,50,0,100,0,100,50
African Centre for Global Health and Social Transformation,achest,-,-,-,-,0,-,-,-,-,0
African Development Bank,afdb,100,83,100,98,95,100,83,100,98,95
African Initiatives,ai_1064413,-,-,-,-,0,-,-,-,-,0
African Institute For Development Policy,afidep,-,-,-,-,0,-,-,-,-,0
African Parks Network,african_parks,0,0,0,100,25,0,0,0,100,25
African Population and Health Research Center,aphrc,100,100,-,100,75,100,100,-,100,75
African Revival,africanrevival,0,100,100,100,75,0,100,100,100,75
African Security Sector Network,assn,100,100,100,100,100,100,100,100,100,100
African Tax Administration Forum,ataf,0,100,0,100,50,0,100,0,100,50
African Women's Development and Communication Network,femnet,48,81,94,100,81,48,81,94,100,81
African Women's Development Fund,awdf,20,80,100,100,75,20,80,100,100,75
Afrikagrupperna Sweden,afrikagrupperna,-,-,-,-,0,-,-,-,-,0
AfriKids,afrikids,100,100,0,100,75,100,100,0,100,75
Aga Khan Foundation (United Kingdom),akfuk73,0,100,50,0,38,0,100,50,50,50
Aga Khan Foundation Afghanistan,akf_afghanistan,0,0,0,100,25,0,0,0,100,25
AgDevCo,agdevco,100,89,-,0,47,100,89,-,0,47
Agence Française de Développement,afd,100,91,100,100,98,100,91,100,100,98
Agence Nationale d'Approvisionnement en Eau Potable en Milieu Rural du Benin,anaepmr_benin,-,-,-,-,0,-,-,-,-,0
Agency for Cooperation and Research in Development (ACORD),acord,0,50,0,50,25,0,50,0,50,25
AgResults Initiative,agresults,0,0,-,100,25,0,0,-,100,25
Agroicone,agroicone,-,-,-,-,0,-,-,-,-,0
Agulhas Applied Knowledge,aak,0,0,-,100,25,0,0,-,100,25
Agência de Desenvolvimento do Vale do Zambeze,agencia_do_zambeze,0,100,100,100,75,0,100,100,100,75
AICS - Agenzia Italiana per la Cooperazione allo Sviluppo / Italian Agency for Cooperation and Development,aics,100,-,-,20,30,100,-,-,20,30
AidData,aiddata,94,63,-,0,39,94,63,-,0,39
Aidsfonds - Soa Aids Nederland,nl-kvk-41207989,93,92,92,100,94,93,92,92,100,94
AIDSPAN,aidspan,0,67,0,0,17,0,67,0,0,17
Ajuda de Desenvolvimento de Povo para Povo (ADPP),adpp,0,100,-,0,25,0,100,-,0,25
Akili Dada,ad,100,83,17,83,71,100,83,17,83,71
Akina Mama wa Afrika,amwa,100,64,91,100,89,100,64,91,100,89
Aktis Strategy Ltd,aktis,0,75,0,100,44,0,75,0,100,44
Akvo Foundation,akvo,-,-,-,-,0,-,-,-,-,0
Al Majmoua,al_majmoua,50,0,100,50,50,50,0,100,50,50
Alcis Holdings Limited,alcis,-,-,-,-,0,-,-,-,-,0
Alfalit,alfalit,0,-,-,0,0,0,-,-,0,0
Alinea International Ltd.,alineainternational_2020,0,0,0,0,0,0,0,0,0,0
All We Can (formerly Methodist Relief and Development Fund),allwecan,-,-,-,-,0,-,-,-,-,0
Allergy and Asthma Institute Pakistan,aaip,0,0,-,100,25,0,0,-,100,25
Alliance for a Green Revolution for Africa,agra,0,100,-,100,50,0,100,-,100,50
"Alliance for Global Water Adaptation, Inc",agwa,-,-,-,-,0,-,-,-,-,0
Alliance of Religions and Conservation,alliance_of_religions_and_conservation,0,100,-,100,50,0,100,-,100,50
Altai Consulting,altai,0,0,0,100,25,0,0,0,100,25
American Friends Service Committee,afsc,-,-,-,-,0,-,-,-,-,0
Amnesty International The Netherlands,amnesty,100,100,-,100,75,100,100,-,100,75
Amnesty International UK Section Charitable Trust,aiuk,0,0,-,100,25,0,0,-,100,25
Amref Flying Doctors,amrefnl,50,81,80,91,76,50,81,80,91,76
Amref Health Africa - UK,amrefha,0,50,0,100,38,0,50,0,100,38
Amref Health Africa Headquarters,amrefhq,100,100,100,0,75,100,100,100,0,75
Amref Health Africa in Ethiopia,amrefeth,50,50,100,50,62,50,50,100,50,62
Amref Health Africa in Kenya,amrefkenya,100,100,100,50,88,100,100,100,50,88
Amref health Africa in Senegal,awa_sn,0,0,-,0,0,0,0,-,0,0
Amref Health Africa in Tanzania,amreftz,50,0,100,50,50,50,0,100,50,50
Amref Health Africa in Uganda,amrefug,0,100,100,100,75,0,100,100,100,75
Amref Health Africa Malawi,amrefmw,-,-,-,-,0,-,-,-,-,0
Ananda Marga Universal Relief Team (AMURT) Africa,amurt_kenya,0,100,100,0,50,0,100,100,0,50
ANDA,anda,0,-,-,0,0,0,-,-,0,0
Anti-Slavery International,asil,-,-,-,100,25,-,-,-,100,25
APPRO-Europe,appro-eu,-,-,-,-,0,-,-,-,-,0
APT Action on Poverty,apt,50,100,50,100,75,50,100,50,100,75
Aqua for All,aqua4all,0,100,100,100,75,0,100,100,100,75
Arab foundation for freedoms and equality,afemena,-,-,-,-,0,-,-,-,-,0
Arab Reporters for Investigative Journalism,arij,0,100,100,100,75,0,100,100,100,75
Arab Women Organization of Jordan,awo2022,100,100,100,100,100,100,100,100,100,100
ARK (Absolute Return for Kids),ark,0,0,0,100,25,0,0,0,100,25
Article19,art19,0,100,0,100,50,0,100,0,100,50
Ashoka East Africa,ashoka,-,-,-,-,0,-,-,-,-,0
Asia Justice and Rights,ajar,-,-,-,-,0,-,-,-,-,0
Asian Coalition for Housing Rights,achr,0,0,-,100,25,0,0,-,100,25
Asian Development Bank,asdb,100,91,100,100,98,100,91,100,100,98
Asociación Movimiento Feminista Por La Paz Ruta Pacífica de las Mujeres,rpm,0,100,-,100,50,0,100,-,100,50
Asociación Profamilia,profamilia,100,0,100,100,75,100,0,100,100,75
Assistance Mission for Africa,ama-south-sudan,100,100,100,100,100,100,100,100,100,100
Association Centrafricaine de Traduction de la Bible et Alphabetisation,acatba,-,-,-,-,0,-,-,-,-,0
Association CHS Alliance,chs_alliance,0,100,100,100,75,0,100,100,100,75
"Association de solidarité internationale, Agriculteurs français et développement international (Afdi) France",afdi-fr,-,-,-,-,0,-,-,-,-,0
Association de Soutien au Développement des Activités de Population,asdap,0,100,100,100,75,0,100,100,100,75
Association des Editeurs du Magazine Jimbere,j2022,0,0,100,100,50,0,0,100,100,50
Association for Cultural Technical and Educational Cooperation (ACTEC),actec,100,100,100,100,100,100,100,100,100,100
"Association for Prevention of Septic Abortion, Bangladesh (BAPSA)",bapsa,-,-,-,-,0,-,-,-,-,0
Association for Progressive Communication,apc,20,80,100,100,75,20,80,100,100,75
Association for Reproductive and Family Health,arfh,-,-,-,-,0,-,-,-,-,0
Association for Women's Rights in Development (AWID),awid,33,100,100,100,83,33,100,100,100,83
Association of Commonwealth Universities,acu,0,96,100,0,49,0,96,100,0,49
Association pour la Promotion de l'Education et de la Formation à l'Etranger,apefe,-,-,-,-,0,-,-,-,-,0
Atos IT Services Ltd,atosuk,0,100,0,100,50,0,100,0,100,50
Atradius Dutch State Business,adsb,61,0,100,2,41,61,0,100,2,41
Auschwitz Institute for the Prevention of Genocide and Mass Atrocities,aipr,0,80,-,100,45,0,80,-,100,45
Australia - Department of  Foreign Affairs and Trade,ausgov,84,100,100,44,82,84,100,100,44,82
Auto-Développement Afrique (ADA),ada,100,-,-,0,25,100,-,-,0,25
Autre Terre asbl,a-t,-,-,-,-,0,-,-,-,-,0
AUXFIN Burundi,auxfinbi,100,88,100,100,97,100,88,100,100,97
Avanti Communications Plc,ava_admin,0,100,100,100,75,0,100,100,100,75
Avocats Sans Frontières,asf,100,-,-,100,50,100,-,-,100,50
AVSI FOUNDATION IN UGANDA,avsi_uganda,0,100,100,100,75,0,100,100,100,75
AVSI South Sudan,avsi-ssd,0,-,-,100,25,0,-,-,100,25
AVT-L Association of Victims of Terrorism Lebanon,avt-l,0,0,-,100,25,0,0,-,100,25
AWEPA,awepa,-,-,-,-,0,-,-,-,-,0
Babawatoto Centre For Children and Youth,bawacecy-tz,0,100,100,100,75,0,100,100,100,75
Backward Society Education (BASE),base_22,0,0,-,100,25,0,0,-,100,25
Balloon Ventures Foundation,bvf,100,100,0,100,75,100,100,0,100,75
Bangladesh Business and Disability Network,bbdn,100,100,0,100,75,100,100,0,100,75
Bangladesh Nari Progati Sangha,bnps,-,-,-,-,0,-,-,-,-,0
Bangladesh Primary Care Respiratory Society,bpcrs,-,-,-,-,0,-,-,-,-,0
Bangladesh Youth Leadership Center,bylc,0,0,-,0,0,0,0,-,0,0
BANQUE OUEST AFRICAINE DE DEVELOPPEMENT,boadiita,0,0,100,100,50,0,0,100,100,50
BasicNeeds,basicneeds,0,100,-,100,50,0,100,-,100,50
Baylor College of Medicine Children's Foundation Malawi,bcm-cf,-,-,-,-,0,-,-,-,-,0
BBC Media Action,bbcmediaaction,6,19,67,94,46,6,19,67,94,46
BDO LLP,bdo,0,100,0,100,50,0,100,0,100,50
Bees Abroad UK,bauk,-,-,-,-,0,-,-,-,-,0
Bees for Development Trust,beesfordevelopment,-,-,-,-,0,-,-,-,-,0
Behavioural Insights Team,bit,0,100,-,100,50,0,100,-,100,50
Belgian development agency (Enabel),enabel,55,0,-,0,14,55,0,-,0,14
Belgian Development Cooperation,be-dgd,96,95,-,70,65,96,95,-,70,65
Benelux Afro Center,bac,-,-,-,-,0,-,-,-,-,0
Berytech Foundation,berytech,50,0,100,100,62,50,0,100,100,62
Beweging voor Internationale Solidariteit - Mouvement pour la Solidarité Internationale,bismsi,100,-,-,0,25,100,-,-,0,25
Bibliothèques Sans Frontières,bsf1,0,0,-,0,0,0,0,-,0,0
Bill & Melinda Gates Foundation,bmgf,100,100,100,100,100,100,100,100,100,100
Bioclimate Research and Development,bioclimate,100,100,67,33,75,100,100,67,100,92
Blue Ventures Conservation,blueventures,-,-,-,-,0,-,-,-,-,0
Bond,bond,-,-,-,-,0,-,-,-,-,0
BoP Innovation Center,bopinc,50,100,100,100,88,50,100,100,100,88
BOS+ tropen,bos_plus_tropen,100,100,100,100,100,100,100,100,100,100
Boston University,bu-carbx-admin,0,100,-,100,50,0,100,-,100,50
Both ENDS,bothends,67,100,67,100,84,67,100,67,100,84
BRAC,brac_admin2,-,-,-,-,0,-,-,-,-,0
BRAC International,bracintl,14,100,14,100,57,14,100,14,100,57
BRAC UK,bracuk,8,100,8,100,54,8,100,8,100,54
BRAC University,bu,40,40,0,0,20,40,40,0,0,20
Brigham and Women's Hospital,bwh,-,-,-,-,0,-,-,-,-,0
British & Irish Agencies Afghanistan Group,baag,-,-,-,-,0,-,-,-,-,0
British Asian Trust,b_a_t,-,-,-,-,0,-,-,-,-,0
British Council,britishcouncil,6,6,100,100,53,6,6,100,100,53
British Red Cross,gb-chc-220949,48,86,100,1,59,48,86,100,1,59
Broederlijk Delen,bd,-,-,-,-,0,-,-,-,-,0
Brujula Comunicaciones Estrategicas SAS,brujula,-,-,-,-,0,-,-,-,-,0
Brulocalis,brulocalis,-,-,-,-,0,-,-,-,-,0
BSR,bsr_admin,100,0,50,100,62,100,0,50,100,62
Bucks Community NGO,bucksfarm,0,100,100,100,75,0,100,100,100,75
Build Africa,buildafrica,-,-,-,-,0,-,-,-,-,0
Burns Violence Survivors - Nepal,bvs-nepal,-,-,-,-,0,-,-,-,-,0
Burundi Leadership Training Programme,bltp,100,100,100,100,100,100,100,100,100,100
Business in the Community,bitc,0,100,0,100,50,0,100,0,100,50
Business Watch Indonesia,bwi,100,100,100,100,100,100,100,100,100,100
C40 Cities Climate Leadership Group,c40cities,0,0,100,100,50,0,0,100,100,50
CABI,cabi,50,100,50,0,50,50,100,50,0,50
Camfed International,camfed,33,-,-,100,33,33,-,-,100,33
Canada - Global Affairs Canada | Affaires mondiales Canada,gac-amc,100,92,100,100,98,100,92,100,100,98
Canada - International Development Research Centre/Centre de recherches pour le développement international,idrccrdi,85,89,-,0,44,85,89,-,0,44
Canada Department of Finance / Ministère des Finances Canada,finance_canada,100,-,100,100,75,100,-,100,100,75
CANADEM,canadem,0,8,-,92,25,0,8,-,92,25
Canon Collins Trust,canoncollinstrust,0,100,0,100,50,0,100,0,100,50
CAPABUILD,capabui,100,0,67,100,67,100,0,67,100,67
Carbon Trust (Beijing) Consulting Limited,ctbeijing,-,-,-,-,0,-,-,-,-,0
Carbon Trust Advisory Ltd,carbontrustadvisory,0,100,100,100,75,0,100,100,100,75
Cardno Emerging Markets,cardnoem,0,100,100,100,75,0,100,100,100,75
CARE BENIN/TOGO,carebenintogo,0,-,-,0,0,0,-,-,0,0
CARE Danmark Fonden for Frivillig Ulandsbistand,12921047,100,0,100,100,75,100,0,100,100,75
CARE International Afghanistan,ciafg,-,-,-,-,0,-,-,-,-,0
CARE international foundation Switzerland in Sudan,cis,-,-,-,-,0,-,-,-,-,0
CARE International in Zimbabwe,ciz,-,-,-,-,0,-,-,-,-,0
CARE International UK,ciuk,0,63,93,100,64,0,63,93,100,64
CARE Nederland,carenederland,65,56,8,6,34,65,56,8,6,34
CARE Nepal,cnepal,-,-,-,-,0,-,-,-,-,0
CARE SOMALIA,csom1,0,100,100,100,75,0,100,100,100,75
Carers Worldwide,cww,-,-,-,-,0,-,-,-,-,0
Caribbean Development Bank (CDB),caribank,31,64,62,46,51,31,64,62,46,51
Caritas Denmark,caritas_denmark,0,-,100,0,25,0,-,100,0,25
Caritas Finland,caritasfin,-,-,-,-,0,-,-,-,-,0
Caritas International (Belgium),cibe,100,100,100,100,100,100,100,100,100,100
Caritas Serbia,caritas_serbia,-,-,-,-,0,-,-,-,-,0
CARPO - Center for Applied Research in Partnership with the Orient,carpo,-,-,-,-,0,-,-,-,-,0
Catholic Agency For Overseas Development (CAFOD),cafod,0,90,100,100,72,0,90,100,100,72
Catholic Relief Services,crs,-,-,-,-,0,-,-,-,-,0
CDA Collaborative Learning Projects,cda,0,0,0,100,25,0,0,0,100,25
CDAC Network,cdacnetwork,0,75,100,100,69,0,75,100,100,69
CDC Group plc,cdc,100,0,100,0,50,100,0,100,0,50
CDP Worldwide,cdp,0,100,-,100,50,0,100,-,100,50
Cecily's Fund,cecily,0,100,-,100,50,0,100,-,100,50
Center for Church-Based Development,cku,0,92,100,100,73,0,92,100,100,73
Center for Civilians in Conflict,civic_admin,0,100,0,100,50,0,100,0,100,50
Center for Development and Integration,cdi_vn_2021,100,100,100,100,100,100,100,100,100,100
Center for International Legal Cooperation (CILC),cilc,100,100,100,100,100,100,100,100,100,100
Center for International Studies and Cooperation,ceci,-,-,-,-,0,-,-,-,-,0
Center for Participation and Development,cpd_2021,0,0,0,100,25,0,0,0,100,25
Center for Research on Environment Health and Population Activities (CREHPA),crehpa,0,100,-,100,50,0,100,-,100,50
"Center for Research, Evaluation Resources and Development (CRERD)",crerd_ng,100,-,100,100,75,100,-,100,100,75
Centre des Etudes Méditerranéennes et Internationales,cemi,100,100,100,100,100,100,100,100,100,100
Centre For Citizens With Disabilities,ccdnigeria,-,-,-,-,0,-,-,-,-,0
Centre for Economic Policy Research,cepr,100,100,100,100,100,100,100,100,100,100
Centre for Economic Strategy Ukraine,ces-ua,-,-,-,-,0,-,-,-,-,0
Centre for Environment Human Rights and Development,cehrd1,0,-,-,100,25,0,-,-,100,25
Centre for Humanitarian Dialogue (HD Centre),hdcentre,100,100,50,100,88,100,100,50,100,88
Centre for Indian Knowledge Systems,ciks,0,100,100,100,75,0,100,100,100,75
"Centre for Injury Prevention and Research, Bangladesh (CIPRB)",ciprb,0,100,-,100,50,0,100,-,100,50
Centre for Legal Research and Development,clerd-prpi,-,-,-,-,0,-,-,-,-,0
Centre for Policy Dialogue,cpd,100,100,0,100,75,100,100,0,100,75
Centre for Rights Education and Awareness,creawkenya,0,100,-,100,50,0,100,-,100,50
Centre for the Study of Adolescence,csa-kenya,-,-,-,-,0,-,-,-,-,0
Centre International de Développement et de Recherche,cidr,0,100,100,100,75,0,100,100,100,75
Centre National de Coopération au Développement (CNCD-11.11.11),cncd,-,-,-,-,0,-,-,-,-,0
Centre Tricontinental - CETRI,ct-admin,-,-,-,-,0,-,-,-,-,0
Centro de Aprendizagem e Capacitação da Sociedade Civil,cesc,100,100,0,100,75,100,100,0,100,75
Centro de Promocion y Defensa de los Derechos Sexuales y Reproductivos,promsex,-,-,-,-,0,-,-,-,-,0
Cesvi,cesvi,0,0,-,0,0,0,0,-,0,0
CGIAR,cgiar,100,0,7,100,52,100,0,7,100,52
Chama cha Uzazi na Malezi Bora Tanzania (UMATI),umati,-,-,-,-,0,-,-,-,-,0
Chance for Childhood,chanceforchildhood,0,100,0,100,50,0,100,0,100,50
Charity Projects Ltd (Comic Relief),cprojects,97,100,100,100,99,97,100,100,100,99
Chaîne de l'Espoir Belgique / Keten van Hoop België / Chain of Hope Belgium,cdeb-kvhb_admin,-,-,-,-,0,-,-,-,-,0
CHEKA SANA TANZANIA,cst,-,-,-,-,0,-,-,-,-,0
Chemonics International Inc.,chemonics,0,86,17,100,51,0,86,17,100,51
Cheshire Services Uganda,csu,100,100,100,100,100,100,100,100,100,100
Child-to-Child,ctc,-,-,-,-,0,-,-,-,-,0
Child.org,child-dot_org,100,100,0,100,75,100,100,0,100,75
ChildFund International,childfund,-,-,-,-,0,-,-,-,-,0
ChildHope UK,childhopeuk,33,100,67,67,67,33,100,67,67,67
Children in Crisis,cic,100,100,0,100,75,100,100,0,100,75
Children in Crossfire,cicni,0,0,-,100,25,0,0,-,100,25
CHOICE for Youth and Sexuality,cfyas,0,33,100,100,58,0,33,100,100,58
Christian Aid,caid,100,100,100,100,100,100,100,100,100,100
Christian Blind Mission (UK) Ltd.,cbm,43,50,80,100,68,43,50,80,100,68
Christian Engineers in Development,ced,0,100,-,100,50,0,100,-,100,50
Church of England - The Archbishops' Council,coe-abc,0,100,75,100,69,0,100,75,100,69
CIFAL Scotland,cifal,-,-,-,-,0,-,-,-,-,0
CINI,cini_jhk,-,-,-,-,0,-,-,-,-,0
CISU,cisu,0,45,100,100,61,0,45,100,100,61
City of London Corporation,col-greenfinance,-,-,-,-,0,-,-,-,-,0
CIVICUS World Alliance for Citizen Participation,civicus,100,100,100,100,100,100,100,100,100,100
CIVIL INITIATIVES FOR DEVELOPMENT AND PEACE INDIA,cividep,0,0,0,100,25,0,0,0,100,25
CLASP,clasp,0,83,20,83,46,0,83,20,83,46
Clean Clothes Campaign,ccc,0,50,100,100,62,0,50,100,100,62
ClientEarth,clientearth-1,0,100,0,100,50,0,100,0,100,50
Climate Investment Funds,cif,0,0,-,0,0,0,0,-,0,0
Climate Policy Initiative,cpi,0,0,-,50,12,0,0,-,50,12
Clinton Health Access Initiative,chai,0,100,0,100,50,0,100,0,100,50
CNV Internationaal,nl-kvk-54436222-27541,5,95,100,100,75,5,95,100,100,75
Coalition for Epidemic Preparedness Innovations,cepi,0,100,0,0,25,0,100,0,0,25
Coalition of African Lesbians (CAL),cal_2000-pu,20,80,100,100,75,20,80,100,100,75
Cobra Collective CIC,cobracollective,0,100,0,100,50,0,100,0,100,50
COC Nederland,cocnl_publisher,100,100,100,100,100,100,100,100,100,100
CODA International,coda,-,-,-,-,0,-,-,-,-,0
CODEART ASBL,codeart,0,100,-,100,50,0,100,-,100,50
Coffey International Development,coffey,0,100,0,100,50,0,100,0,100,50
ColaLife,colalife,100,100,0,100,75,100,100,0,100,75
Collectif Stratégies Alimentaires,csa,50,100,-,100,62,50,100,-,100,62
Collective for Research and Training on Development Action,crtda,100,100,100,100,100,100,100,100,100,100
Comité pour l'abolition des dettes illégitimes,cadtm,-,-,-,-,0,-,-,-,-,0
COMMISSION JUSTICE ET PAIX ASBL (cjp),cjp,-,-,-,-,0,-,-,-,-,0
Commonwealth Local Government Forum,clgf_data,100,100,100,100,100,100,100,100,100,100
Commune de Adja-Ouere - Bénin,adja-ouere,-,-,-,-,0,-,-,-,-,0
Commune de Adjarra - Bénin,adjarra,-,-,-,-,0,-,-,-,-,0
Commune de Adjohoun - Bénin,adjohoun,-,-,-,-,0,-,-,-,-,0
Commune de Akpro-Missérété - Bénin,akpro-misserete,-,-,-,-,0,-,-,-,-,0
Commune de Allada - Bénin,allada,-,-,-,-,0,-,-,-,-,0
Commune de Aplahoué - Bénin,aplahoue,0,0,0,100,25,0,0,0,100,25
Commune de Avrankou - Bénin,avrankou,-,-,-,-,0,-,-,-,-,0
Commune de Bopa - Bénin,bopa,0,0,0,100,25,0,0,0,100,25
Commune de Comè - Bénin,come,-,-,-,-,0,-,-,-,-,0
Commune de Dangbo - Benin,dangbo,-,-,-,-,0,-,-,-,-,0
Commune de Ifangni - Bénin,ifangni,-,-,-,-,0,-,-,-,-,0
Commune de Klouékanmè - Bénin,klouekanme,-,-,-,-,0,-,-,-,-,0
Commune de Kpomassè - Bénin,kpomasse,-,-,-,-,0,-,-,-,-,0
Commune de Kétou - Bénin,ketou,-,-,-,-,0,-,-,-,-,0
Commune de Lalo - Bénin,lalo,0,0,0,100,25,0,0,0,100,25
Commune de Parakou - Bénin,parakou,-,-,-,-,0,-,-,-,-,0
Commune de Pobè - Bénin,pobe,0,0,0,100,25,0,0,0,100,25
Commune de Toffo - Bénin,toffo,-,-,-,-,0,-,-,-,-,0
Commune de Toviklin - Bénin,toviklin,0,0,0,100,25,0,0,0,100,25
Commune de Zè - Bénin,ze,-,-,-,-,0,-,-,-,-,0
Compassion UK,comp_uk,100,100,100,100,100,100,100,100,100,100
Concern Worldwide,concern_worldwide,100,100,100,100,100,100,100,100,100,100
Concern Worldwide UK,concernuk,100,88,56,100,86,100,88,56,100,86
Conciliation Resources,cr,33,-,-,67,25,33,-,-,67,25
Concordis International,concordis,-,-,-,-,0,-,-,-,-,0
Confederation of Danish Industry,di,0,100,100,0,50,0,100,100,0,50
Conflict Dynamics International,cdi,-,-,-,-,0,-,-,-,-,0
"Conflict, Stability and Security Fund",cssf,0,100,100,100,75,0,100,100,100,75
Congodorpen vzw,congodorpen,100,100,-,100,75,100,100,-,100,75
Conseil et Appui pour l'Education à la Base Mali,caeb_mali,0,100,-,100,50,0,100,-,100,50
Consortium for Street Children,csc,0,0,-,0,0,0,0,-,0,0
Construction Sector Transparency Initiative (CoST),cost_uk,0,24,0,100,31,0,24,0,100,31
Coopération par l'Education et la Culture,cec,100,100,-,100,75,100,100,-,100,75
Cord,cord,-,-,-,-,0,-,-,-,-,0
Cordaid,cordaid,43,48,93,98,70,43,48,93,98,70
Corporación de Apoyo a Comunidades Populares,codacop,100,100,100,100,100,100,100,100,100,100
Corus International,corus,-,-,-,-,0,-,-,-,-,0
Cowater International Inc,cowater,0,100,25,100,56,0,100,25,100,56
Cowater UK Limited,cowateruk,0,100,0,100,50,0,100,0,100,50
COWI,cowi,-,-,-,-,0,-,-,-,-,0
Coöperatief Climate Fund Managers U.A.,cfm,5,0,0,86,23,5,0,0,86,23
CRANE,crane,0,100,100,0,50,0,100,100,0,50
CREA,creausa-org,40,100,100,100,85,40,100,100,100,85
Croix-Rouge de Belgique Communauté francophone - Activités internationales ASBL,crb-ai_admin,100,100,-,100,75,100,100,-,100,75
Cross-Government Prosperity Fund,prosperityfund,0,100,100,100,75,0,100,100,100,75
Crown Agents Limited,cal,50,100,50,100,75,50,100,50,100,75
CUAMM Trustees,cuammtrustees,-,-,-,-,0,-,-,-,-,0
Cyan International,cyan,-,-,-,-,0,-,-,-,-,0
D. Capital Partners,dcapitalpartners,0,100,8,0,27,0,100,8,0,27
DAI Europe,dai-e,0,100,69,100,67,0,100,69,100,67
DAI Global Health,healthpartners-international,0,0,-,0,0,0,0,-,0,0
Damiaanactie / Action Damien,damien-foundation,0,100,100,100,75,0,100,100,100,75
dance4life,dance4life,-,-,-,-,0,-,-,-,-,0
DanChurchAid,dca,0,100,100,0,50,0,100,100,0,50
Danish Family Planning Association,dfpa,0,-,100,100,50,0,-,100,100,50
Danish Red Cross,danishrc,33,0,100,0,33,33,0,100,0,33
Danish Refugee Council,drc,54,-,-,83,34,54,-,-,83,34
Danish Trade Union Development Agency (Ulandssekretariatet),loftf,50,100,100,100,88,50,100,100,100,88
Danmission,danmission,0,0,50,100,38,0,0,50,100,38
Data4Development,d4d,-,-,-,-,0,-,-,-,-,0
David Gordon Memorial Hospital,dgmh,-,-,-,-,0,-,-,-,-,0
Dawuro Development Association,dawuro_da,-,-,-,-,0,-,-,-,-,0
DCAF - Geneva Centre for Security Sector Governance,dcaf,0,67,60,100,57,0,67,60,100,57
DeafKidz International,dki1151219,0,100,100,100,75,0,100,100,100,75
DECP,decp,3,97,50,100,62,3,97,50,100,62
Defence for Children International Netherlands - ECPAT Netherlands,dciecpatnl,10,-,-,100,28,10,-,-,100,28
DefendDefenders,defenddefenders,0,0,-,100,25,0,0,-,100,25
Delivery Associates Ltd,delivery_associates,0,0,-,100,25,0,0,-,100,25
Deloitte Touche Tohmatsu India LLP,dttillp,-,-,-,-,0,-,-,-,-,0
Democracy Reporting International gGmbH,dri,100,100,100,100,100,100,100,100,100,100
Democratic Governance Facility,dgf,100,100,100,100,100,100,100,100,100,100
"Denmark - Ministry of Foreign Affairs, Danida",danida,62,93,100,74,82,62,93,100,74,82
Department for International Trade,dit,-,-,-,-,0,-,-,-,-,0
Desmond Tutu HIV Foundation,dthfxx12,0,91,80,100,68,0,91,80,100,68
Development Aid from People to People (DAPP) Malawi,dapp,0,50,100,50,50,0,50,100,75,56
Development Expertise Center,dec_ethiopia,0,0,-,100,25,0,0,-,100,25
Development Initiatives Poverty Research,dipr,20,100,0,100,55,20,100,0,100,55
Development Media International,dmi_admin,100,100,0,100,75,100,100,0,100,75
Development Organisation of the Rural Poor,dorp-org,-,-,-,-,0,-,-,-,-,0
Developments In Literacy Trust UK,diltuk,-,-,-,-,0,-,-,-,-,0
Diakonia Sweden,diakonia802017-3517,-,-,-,-,0,-,-,-,-,0
Digital Campus,dc,-,-,-,-,0,-,-,-,-,0
Direcção Provincial de Saúde de Nampula,dps-nampula,0,100,0,100,50,0,100,0,100,50
Disability and Development Partners,ddp,0,100,33,100,58,0,100,33,100,58
Disability Rights Advocacy Fund,draf,-,-,-,-,0,-,-,-,-,0
Disability Rights Fund,drf,0,0,0,100,25,0,0,0,100,25
Disabled People's Organisations Denmark,dpod,0,92,100,99,73,0,92,100,99,73
Disasters Emergency Committee,dec-uk,0,100,100,100,75,0,100,100,100,75
"Discovery Learning Alliance, Inc.",dla,-,-,-,-,0,-,-,-,-,0
Djapo,djapo,0,100,-,100,50,0,100,-,100,50
DKT - (Pakistan),dkt,0,0,-,0,0,0,0,-,0,0
DKT Ethiopia,dkt_ethiopia,0,100,0,100,50,0,100,0,100,50
DKT International,dkti,0,100,100,100,75,0,100,100,100,75
DKT RD Congo,dkt_drc,0,100,-,100,50,0,100,-,100,50
DNH Mali (Direction Nationale de l’Hydraulique du Mali),pca-gire,-,-,-,-,0,-,-,-,-,0
Doctors of the World UK,dotw_uk,-,-,-,-,0,-,-,-,-,0
Doctors with Africa CUAMM,cuamm,0,0,-,0,0,0,0,-,0,0
Dorcas Aid International,dai,44,46,83,100,68,44,46,83,100,68
Down syndrome Foundation Nigeria,dsfn,-,-,-,-,0,-,-,-,-,0
Drugs for Neglected Diseases initiative,dndi_transparency,0,100,100,100,75,0,100,100,100,75
DUF - The Danish Youth Council,duf,0,89,100,100,72,0,89,100,100,72
Dynamo International asbl,dynamo_international,100,100,-,100,75,100,100,-,100,75
Défi Belgique Afrique,dba,100,-,-,0,25,100,-,-,0,25
Dóchas - Irish Association of Non Governmental Development Organisations,dochas,0,100,-,100,50,0,100,-,100,50
Earthworm Foundation,ewf,-,-,-,-,0,-,-,-,-,0
East African Playgrounds,eap,0,100,0,100,50,0,100,0,100,50
ECDPM,ecdpm,-,-,-,-,0,-,-,-,-,0
Echos Communication,ec,-,-,-,-,0,-,-,-,-,0
Eclosio,eclosio,100,100,-,100,75,100,100,-,100,75
Economic and Social Fund for Development,esfd,0,0,100,100,50,0,0,100,100,50
Economic and Social Research Foundation (ESRF),esrf,0,100,-,100,50,0,100,-,100,50
Ecorys Nederland B.V.,ecorysnl,-,-,-,-,0,-,-,-,-,0
Ecorys UK,ecuk,0,50,0,100,38,0,50,0,100,38
Educate!,educate,0,100,-,100,50,0,100,-,100,50
Education Development Trust,eddevtrust,0,100,100,0,50,0,100,100,0,50
Education Development Trust,edt_kenya,0,50,100,0,38,0,50,100,0,38
EDUCATION DEVELOPMENT TRUST - RWANDA,edt_rwanda,0,100,100,100,75,0,100,100,100,75
Edukans Foundation,edukans_foundation,0,80,67,50,49,0,80,67,50,49
ELEVATE Hong Kong Holdings Limited,elevatelimited,-,-,-,-,0,-,-,-,-,0
Elrha,elrha,75,100,25,100,75,75,100,25,100,75
Elton John AIDS Foundation,ejaf,0,100,0,100,50,0,100,0,100,50
Emissa,emissa,0,0,-,0,0,0,0,-,0,0
Emmanuel International UK,eiuk,-,-,-,-,0,-,-,-,-,0
EMMS International,emms,0,94,25,81,50,0,94,25,81,50
Energy 4 Impact,e4i,0,50,100,50,50,0,50,100,50,50
Energy Saving Trust,energy_saving_trust,0,100,100,100,75,0,100,100,100,75
Enfance Tiers Monde Kinderen Derde Wereld,etmkdw,100,100,100,100,100,100,100,100,100,100
EngenderHealth,ehorg,0,100,100,100,75,0,100,100,100,75
EngenderHealth Ethiopia,engenderhealth_eth,0,-,-,50,12,0,-,-,50,12
Engineers Without Borders Canada,ewb_canada,0,100,0,50,38,0,100,0,50,38
Enhanced Integrated Framework,eif,0,0,-,100,25,0,0,-,100,25
"Entiqal for Training ""Partners for Good""",pfg,0,100,100,100,75,0,100,100,100,75
Entraide et Fraternité,ef_,64,100,-,100,66,64,100,-,100,66
Environmental Centre for Oil Spills and Gas Flaring (NACGOND),nacgond-,0,0,-,83,21,0,0,-,83,21
Equality Now,e_n,20,40,100,100,65,20,40,100,100,65
equileap,equileap,0,100,100,100,75,0,100,100,100,75
Ethical Trading Initiative,eti,0,100,75,100,69,0,100,75,100,69
Ethiopiaid Ireland,ethiopiaidireland,0,100,100,0,50,0,100,100,0,50
Ethiopiaid UK,ethiopiaiduk,0,95,100,5,50,0,95,100,5,50
Ethiopian Horticulture Producer Exporters Association (EHPEA),ehpea,0,100,100,100,75,0,100,100,100,75
Ethiopian Public Health Association,epha,-,-,-,-,0,-,-,-,-,0
Ethiopian Women Lawyers Association,ewla,0,0,100,100,50,0,0,100,100,50
Ethiopian Women with Disabilities National Assocation,ewdna2025,100,100,0,100,75,100,100,0,100,75
Eurasia Partnership Foundation,epf,0,100,0,100,50,0,100,0,100,50
European Bank for Reconstruction and Development,ebrd,100,24,100,38,66,100,24,100,38,66
European Commission - Humanitarian Aid & Civil Protection,ec-echo,100,98,100,100,100,100,98,100,100,100
European Commission - International Partnerships,ec-intpa,84,91,100,100,94,84,91,100,100,94
European Commission - Neighbourhood and Enlargement Negotiations,ec-near,92,96,100,100,97,92,96,100,100,97
European Commission - Service for Foreign Policy Instruments,ec-fpi,100,100,100,100,100,100,100,100,100,100
European Forest Institute,efi,0,100,-,100,50,0,100,-,100,50
European Institute of Peace,eip,0,0,-,14,4,0,0,-,14,4
European Investment Bank,eib,100,6,-,100,52,100,6,-,100,52
European Journalism Centre,ejc,70,100,100,100,92,70,100,100,100,92
Eve Organization for Women Development,eveowd,100,100,100,100,100,100,100,100,100,100
EveryChild,evc,-,-,-,-,0,-,-,-,-,0
Excellent Development,excellent,-,-,-,-,0,-,-,-,-,0
Exeter Ethiopia Link,eel,-,-,-,-,0,-,-,-,-,0
Fair Wear Foundation,fwf,10,100,100,100,78,10,100,100,100,78
Fairfood International,fairfood,100,100,100,100,100,100,100,100,100,100
Fairtrade Belgium,fairtrade_be,-,-,-,-,0,-,-,-,-,0
Fairtrade Labelling Organizations International e.V.,fairtrade_international,-,-,-,-,0,-,-,-,-,0
Faith to Action Network,f2a,78,89,100,100,92,78,89,100,100,92
Family Aids Caring Trust,fact,0,100,100,100,75,0,100,100,100,75
Family Counseling and Development Foundation,fcdf,-,-,-,-,0,-,-,-,-,0
Family Guidance Association of Ethiopia,fgae_ethiopia,0,100,100,100,75,0,100,100,100,75
Family Life Education Program,flepuganda,-,-,-,-,0,-,-,-,-,0
Farm Africa,fa,0,0,0,0,0,100,100,0,100,75
Farm Concern International,fci,-,-,-,-,0,-,-,-,-,0
Fauna & Flora International,ffi_publisher,-,-,-,-,0,-,-,-,-,0
Federation of Women Lawyers Kenya,fida,100,100,100,100,100,100,100,100,100,100
Feed the Minds,ftm-291333,100,100,0,100,75,100,100,0,100,75
FHI360,fhi360,0,20,0,100,30,0,20,0,100,30
Fiabel,fiabel,100,100,-,100,75,100,100,-,100,75
FIAN Belgium,fian-belgium,-,-,-,-,0,-,-,-,-,0
"Field Ready, USA",field_ready,0,100,100,100,75,0,100,100,100,75
Fiftyfifty,fiftyfifty-lb,0,0,-,0,0,0,0,-,0,0
Fight Hunger Foundation,fhf,-,-,-,-,0,-,-,-,-,0
Financial Sector Deepening Trust (Kenya),fsdk,0,0,-,100,25,0,0,-,100,25
Financial Sector Deepening Uganda,fsduganda,-,-,-,-,0,-,-,-,-,0
Find Your Feet,fyf,100,100,0,67,67,100,100,0,100,75
Finland - Ministry for Foreign Affairs,finland_mfa,36,82,100,75,73,36,82,100,75,73
Finn Church Aid (Kirkon Ulkomaanapu sr),fca,-,-,-,-,0,-,-,-,-,0
FMO,fmo,100,0,100,0,50,100,0,100,0,50
FONCABA ASBL KBA VZW,foncaba,-,-,-,-,0,-,-,-,-,0
Fondation Hirondelle,fh_ch,0,0,-,100,25,0,0,-,100,25
Fondo Centroamericano de Mujeres,fcam,0,100,50,100,62,0,100,50,100,62
Fonds voor Ontwikkelingssamenwerking - Socialistische Solidariteit VZW,fos,-,-,-,-,0,-,-,-,-,0
Food and Agriculture Organization of the United Nations (FAO),fao,100,99,0,100,75,100,99,0,100,75
Food for the Hungry UK,fh,0,100,100,100,75,0,100,100,100,75
Forest Trends Association,forest-trends,-,-,-,-,0,-,-,-,-,0
Forests Monitor,fm,-,-,-,-,0,-,-,-,-,0
Forschungsinstitut zur Zukunft der Arbeit GmbH (IZA),iza,0,100,100,0,50,0,100,100,0,50
Forum for Africa Women Educationalist Regional Secretariat,fawe-rs,53,43,100,53,62,53,43,100,53,62
forum for women in democracy,fowode,100,0,100,100,75,100,0,100,100,75
Forum Universitaire pour la Coopération Internationale au Développement -FUCID ASBL,fucid,-,-,-,-,0,-,-,-,-,0
Foundation for Social Improvement,the_fsi,0,100,100,100,75,0,100,100,100,75
France - Ministry for Europe and Foreign Affairs,france,100,83,100,0,71,100,83,100,0,71
FRANK Water,frankwater,-,-,-,-,0,-,-,-,-,0
Free a Girl,freeagirl,100,-,-,100,50,100,-,-,100,50
Free Press Unlimited,free_press_unlimited,0,100,0,100,50,0,100,0,100,50
Freedom Forum,ff,0,50,0,100,38,0,50,0,100,38
Friends of Kipkelion,kipkelion,-,-,-,-,0,-,-,-,-,0
Friends of Publish What You Fund,friendsofpwyf,0,100,0,0,25,0,100,0,0,25
"Friends of the Earth England, Wales and Northern Ireland",foe_ewni,-,-,-,-,0,-,-,-,-,0
Friends of the Earth International,foei,100,0,100,100,75,100,0,100,100,75
Friends of the Earth-Ghana,foe-ghana,0,100,0,100,50,0,100,0,100,50
Frontline AIDS,f-aids,100,100,50,79,82,100,100,50,79,82
FSD Africa,fsdafrica,-,-,-,-,0,-,-,-,-,0
Fundacion Acceso,fundacion-acceso,0,100,-,100,50,0,100,-,100,50
Fundación Avina,fundacionavina,100,100,75,100,94,100,100,75,100,94
Fundación Fondo Mujeres del Sur,fms,100,100,100,100,100,100,100,100,100,100
Fundación Gaia Amazonas,gaia,100,50,100,100,88,100,50,100,100,88
Fundación Oriéntame,orientame,100,100,100,0,75,100,100,100,0,75
Fundo de Investimento e Patrimonio do Abastecimento de Água (FIPAG),fipag,0,100,0,100,50,0,100,0,100,50
GALZ,galz,33,100,100,100,83,33,100,100,100,83
"Gavi, the vaccine alliance",gavi,100,100,100,100,100,100,100,100,100,100
GEF Secretariat,gef,100,55,-,100,64,100,55,-,100,64
GEMS Education Solutions,mgcubed,-,-,-,-,0,-,-,-,-,0
Gender at Work,genderatwork,100,75,0,100,69,100,75,0,100,69
Gender Equality Network,gen,100,100,100,100,100,100,100,100,100,100
Gender Links,gl,0,0,-,100,25,0,0,-,100,25
Geneva International Centre for Humanitarian Demining,gichd,11,89,50,95,61,11,89,50,95,61
GEOMOUN ASBL,geomoun,100,100,-,100,75,100,100,-,100,75
Germany - Federal Foreign Office,fo_germany,75,93,-,100,67,75,93,-,100,67
Germany - Ministry for Economic Cooperation and Development,bmz,100,99,100,29,82,100,99,100,29,82
Germany GIZ Non BMZ,giz,100,0,0,100,50,100,0,0,100,50
Girls Not Brides: The Global Partnership to End Child Marriage,girlsnotbrides,-,-,-,-,0,-,-,-,-,0
Girls’ Education Challenge – Fund Manager PwC,gecfundmanagerpwc,50,-,-,100,38,50,-,-,100,38
Giro555 (Stichting Samenwerkende Hulporganisaties),giro555,50,100,50,100,75,50,100,50,100,75
GiveDirectly,givedirectly,-,-,-,-,0,-,-,-,-,0
Global Action Nepal,gan,-,-,-,-,0,-,-,-,-,0
Global Alliance for Livestock Veterinary Medicines,galvmed,0,100,100,100,75,0,100,100,100,75
Global Alliance for TB Drug Development,tb-a,0,100,0,100,50,0,100,0,100,50
Global Anaesthesia Development Partnerships,gadp,0,100,0,100,50,0,100,0,100,50
Global Antibiotic Research and Development Partnership,gardp,0,100,100,44,61,0,100,100,44,61
Global Canopy,globalcanopy,0,100,100,100,75,0,100,100,100,75
Global Disability Innovation Hub,gdihub,0,0,75,100,44,0,0,75,100,44
Global Focus,globaltfokus,0,0,100,0,25,0,0,100,0,25
Global Fund for Community Foundations,gfcf,100,100,100,100,100,100,100,100,100,100
Global Fund to End Modern Slavery,gfems,0,90,0,100,48,0,90,0,100,48
Global Green Growth Institute (GGGI),gggi,0,97,0,97,48,0,97,0,97,48
Global Impact Investing Network,giin,50,100,50,100,75,50,100,50,100,75
Global Innovation Fund,gif,0,96,-,0,24,0,96,-,0,24
Global Network of People Living with HIV (GNP+),gnpplus,11,100,-,100,53,11,100,-,100,53
Global Network of Sex Work Projects (NSWP),nswp,-,-,-,-,0,-,-,-,-,0
Global Partnership for Education,gpe,-,-,-,-,0,-,-,-,-,0
Global Rights Compliance,grc2018,0,86,-,97,46,0,86,-,97,46
Global Water Partnership,gwp,-,-,-,-,0,-,-,-,-,0
Global Witness,globalwitness,-,-,-,-,0,-,-,-,-,0
GlobalGiving.org,globalgiving,-,-,-,-,0,-,-,-,-,0
GOAL,goal,67,67,0,100,58,67,67,0,100,58
GOGLA - Global Off-Grid Lighting Association,gogla,0,100,0,100,50,0,100,0,100,50
GoodWeave International,goodweave_intl,-,-,-,-,0,-,-,-,-,0
Goree Institute,gorin,100,100,100,100,100,100,100,100,100,100
GPPAC Foundation,gppac,-,-,-,-,0,-,-,-,-,0
Grand Challenges Canada,hgc,100,0,0,100,50,100,0,0,100,50
Greater Virunga Transboundary Collaboration,gvtc,0,0,100,100,50,0,0,100,100,50
Ground Truth Solutions,ground-truth-solutions,0,100,100,100,75,0,100,100,100,75
Groupe Pivot Santé Population,gpsp-org,-,-,-,-,0,-,-,-,-,0
Grow Asia,growasia,-,-,-,-,0,-,-,-,-,0
Grow Movement,growmovement_admin,50,0,0,100,38,50,0,0,100,38
GSMA Foundation,gsma_foundation,100,0,-,0,25,100,0,-,0,25
Gulu University,guluuni,-,-,-,-,0,-,-,-,-,0
Guttmacher Institute,guttmacher,0,-,-,100,25,0,-,-,100,25
Hagar International UK,hagar_uk,-,-,-,-,0,-,-,-,-,0
Haiti Hospital Appeal,hha,100,100,0,100,75,100,100,0,100,75
Hand in Hand International,handinhand,0,100,100,100,75,0,100,100,100,75
Handicap International Belgique,hib,92,100,-,100,73,92,100,-,100,73
Handicap International Federation,hi_fed,38,83,67,100,72,38,83,67,100,72
Handicap International UK,hiuk,22,53,40,96,53,22,53,40,96,53
Health Development Initiative,hdi,0,100,0,100,50,0,100,0,100,50
Health Insurance Fund,hif,-,-,-,-,0,-,-,-,-,0
Health Poverty Action,hpa,-,-,-,-,0,-,-,-,-,0
HealthNet TPO,healthnet,100,100,100,100,100,100,100,100,100,100
HealthProm,hp_12,0,100,-,100,50,0,100,-,100,50
Healthright International-Kenya,hri,0,0,-,100,25,0,0,-,100,25
Healthy Entrepreneurs Foundation,hefoundation,100,100,100,100,100,100,100,100,100,100
Heartland Alliance International,ha-i,100,100,100,100,100,100,100,100,100,100
Heifer International South Africa,hsa,100,100,0,100,75,100,100,0,100,75
Heifer Nederland,heifernederland,0,100,-,100,50,0,100,-,100,50
HelpAge International,helpage_international,0,96,0,100,49,0,96,0,100,49
HelpAge International UK,ageintl,53,100,18,100,68,53,100,18,100,68
Helvetas Swiss Intercooperation,hsi,-,-,-,100,25,-,-,-,100,25
Higher Population Council,hpc,100,100,0,100,75,100,100,0,100,75
HiiL innovating Justice,hiil_mfa,57,0,100,100,64,57,0,100,100,64
Hilfswerk Austria Zimbabwe,hwa-zm,-,-,-,-,0,-,-,-,-,0
Hivos,stichting_hivos,100,100,100,100,100,100,100,100,100,100
HM Treasury,hmtfitb,100,0,-,33,33,100,0,-,33,33
Homeless International,hi,14,100,60,14,47,14,100,60,14,47
Hope and Homes for Children,hhc,-,-,-,-,0,-,-,-,-,0
Hope for Children,hfc,0,100,0,100,50,0,100,0,100,50
Horizons for Green Development,horizons,-,-,-,-,0,-,-,-,-,0
Hospice Africa Ltd,hauk,0,0,-,100,25,0,0,-,100,25
HTSPE,htspe,0,100,100,100,75,0,100,100,100,75
Huairou Commission,hc2022,20,0,100,100,55,20,0,100,100,55
Human Relief Foundation,hrf,0,0,0,100,25,0,0,0,100,25
Humanitarian Quality Assurance Initiative,hqai,0,100,0,100,50,0,100,0,100,50
I Choose Life Africa,ke-ngc-3372,-,-,-,-,0,-,-,-,-,0
Ibrahimia Media Center,imc-2021,100,0,100,100,75,100,0,100,100,75
ICA:UK,icauk,0,50,0,100,38,0,50,0,100,38
ICCO Cooperation,icco-cooperation,100,48,100,95,86,100,48,100,95,86
ICF Consulting Services Ltd,icf,0,100,100,100,75,0,100,100,100,75
ICS,ics,-,-,-,-,0,-,-,-,-,0
IDB Invest,idbinvest,11,0,100,100,53,11,0,100,100,53
iDE,ide,0,0,-,0,0,0,0,-,0,0
IDEO.org,ideo_org,0,0,0,0,0,0,0,0,0,0
IDH Investment Management B.V.,idh_im,100,0,0,100,50,100,0,0,100,50
"IDH, the Sustainable Trade Initiative",idh,100,100,33,97,82,100,100,33,97,82
IDinsight,idinsight,0,0,100,100,50,0,0,100,100,50
IDOM INGENIERIA,idom_mx,0,0,-,100,25,0,0,-,100,25
IFOAM - Organics International,ifoam,0,0,100,8,27,0,0,100,8,27
IHE Delft Institute for Water Education,ihedelft,100,100,67,100,92,100,100,67,100,92
Iles de Paix,idp,-,-,-,-,0,-,-,-,-,0
ILGA Asia,ilgaasia,100,100,-,100,75,100,100,-,100,75
IMA World Health,us-imawh,0,100,0,100,50,0,100,0,100,50
IMC WORLDWIDE,imcw_admin,3,65,7,94,42,4,65,7,94,42
IMD Moçambique,imdmozambique,0,0,-,100,25,0,0,-,100,25
IMPACT Initiatives,impact_initiatives,0,100,-,100,50,0,100,-,100,50
"Imperial College of Science, Technology and Medicine",imperial,-,-,-,-,0,-,-,-,-,0
Impunity Watch,iw_admin,0,0,0,100,25,0,0,0,100,25
Index Initiative Foundation,iif,-,-,-,-,0,-,-,-,-,0
Indigo Trust,indtrust,100,100,100,0,75,100,100,100,0,75
inHive,inhive,0,100,0,100,50,0,100,0,100,50
Iniciativa Climatica de Mexico,icm_mx,-,-,-,-,0,-,-,-,-,0
Initiative Sankofa d'Afrique de l'Ouest,isdao,100,67,-,100,67,100,67,-,100,67
Innovate UK KTN,ktn,0,0,-,100,25,0,0,-,100,25
Instiglio,instiglio,-,-,-,-,0,-,-,-,-,0
Institut de Formation Syndical International - Internationaal Syndicaal Vormingsinstituut,ifsi_isvi,-,-,-,-,0,-,-,-,-,0
"Institut National de l'Eau, Benin",ine_benin,-,-,-,-,0,-,-,-,-,0
Institute for International Workers Education,iiwe,-,-,-,-,0,-,-,-,-,0
Institute for Policy Research and Advocacy (ELSAM),elsam,0,0,-,0,0,0,0,-,0,0
Institute for Security Studies,issafrica,100,100,100,100,100,100,100,100,100,100
Institute for War & Peace Reporting,iwpr,0,0,-,0,0,0,0,-,0,0
Institute of Development Studies,ids,0,100,0,100,50,0,100,0,100,50
Institute of Tropical Medicine,itm,100,100,-,100,75,100,100,-,100,75
Instituto BVRio,bvrio,0,100,0,100,50,0,100,0,100,50
Integrity Action,integrity_action,0,11,-,5,4,0,32,-,100,33
Integrity Research and Consultancy Ltd,integrity,0,0,100,57,39,0,0,100,57,39
Inter-American Development Bank,iadb,100,99,100,81,95,100,99,100,81,95
Interact Worldwide,iww_publish,-,-,-,-,0,-,-,-,-,0
InterAction,interaction,-,-,-,-,0,-,-,-,-,0
InterAction's NGO Aid Map,ia_nam,9,0,-,0,2,9,0,-,0,2
interburns,interburns,-,-,-,-,0,-,-,-,-,0
InterClimate Network,icn,0,100,0,100,50,0,100,0,100,50
International Aids Vaccine Initiative (IAVI),iavi,-,-,-,-,0,-,-,-,-,0
International Alert,international-alert,72,75,0,5,38,72,75,0,5,38
International Bureau of Fiscal Documentation (IBFD),ibfd,69,57,100,100,82,69,57,100,100,82
International Campaign Women´s Right to Safe Abortion,icwrsa,0,50,-,100,38,0,50,-,100,38
International Center for Not-for-Profit Law,icnl_org,100,100,100,100,100,100,100,100,100,100
International Center for Transitional Justice,ictj,0,100,75,100,69,0,100,75,100,69
International Centre for Antimicrobial Resistance Solutions,icars,0,-,100,100,50,0,-,100,100,50
"International Centre for Diarrhoeal Disease Research, Bangladesh (icddr,b)",icddrb,0,0,100,100,50,0,0,100,100,50
International Centre for Migration Policy Development,icmpd,0,50,-,17,17,0,50,-,17,17
International Centre of Insect Physiology and Ecology (icipe),icipe,0,0,100,100,50,0,0,100,100,50
International Child Development Initiatives,icdi,-,-,-,-,0,-,-,-,-,0
International Climate Initiative / BMU - IKI Secretariat,bmu_iki,100,92,100,0,73,100,92,100,0,73
International Committee of the Red Cross (ICRC),icrc,81,99,0,95,69,81,99,0,95,69
International Council of Voluntary Agencies,icva,-,-,-,-,0,-,-,-,-,0
International Crisis Group,crisisgroup,0,0,0,100,25,0,0,0,100,25
International Development Law Organization (IDLO),idlo,99,99,25,0,56,99,99,25,0,56
INTERNATIONAL DISABILITY ALLIANCE,ida,0,0,-,100,25,0,0,-,100,25
International Federation of Accountants,ifac,0,0,-,80,20,0,0,-,80,20
International Federation of the Red Cross and Red Crescent (IFRC),ifrcrcs,0,99,0,100,50,0,99,0,100,50
International Fertilizer Development Center,ifdc-us,0,88,71,100,65,0,88,71,100,65
International Finance Corporation,ifcwbg,98,0,100,98,74,98,0,100,98,74
International Food Policy Research Institute,ifpri,0,0,-,100,25,0,0,-,100,25
International Fund for Agricultural Development (IFAD),ifad,99,99,100,0,74,99,99,100,0,74
International IDEA,idea,0,100,0,0,25,0,100,0,0,25
International Indigenous Women Forum,fimi_iiwf_2019,60,100,100,100,90,60,100,100,100,90
International Initiative for Impact Evaluation,3ie,0,100,100,100,75,0,100,100,100,75
International Institute for Environment and Development,iied,100,100,43,0,61,100,100,43,0,61
International Labour Organization (ILO),ilo,90,100,94,84,92,90,100,94,84,92
International Media Support,ims,0,0,100,100,50,0,0,100,100,50
International Medical Corps UK,imc_uk,25,-,-,75,25,25,-,-,75,25
International Monetary Fund,imf,0,97,-,100,49,0,97,-,100,49
International Network for Advancing Science and Policy,inasp,-,-,-,-,0,-,-,-,-,0
International Network for Bamboo and Rattan (INBAR),inbar,0,0,-,100,25,0,0,-,100,25
International Network of People who Use Drugs (INPUD),inpud_admin,100,88,100,100,97,100,88,100,100,97
International NGO Safety Orgnisation,inso,0,0,-,100,25,0,0,-,100,25
International Organization for Migration (IOM),iom,100,0,100,100,75,100,0,100,100,75
International Planned Parenthood Federation,ippf,21,89,80,5,49,21,89,80,5,49
International Potato Center,cip,-,-,-,-,0,-,-,-,-,0
International Primary Care Respiratory Group,ipcrg,-,-,-,-,0,-,-,-,-,0
International Procurement Agency,ipa,0,62,-,62,31,0,62,-,100,40
International Rescue Committee UK,irc_uk,74,83,27,100,71,74,83,27,100,71
International Service,unais,0,100,0,100,50,0,100,0,100,50
International Trade Centre (ITC),itc,-,-,-,-,0,-,-,-,-,0
International Treatment Preparedness Coalition (ITPC),itpc,-,-,-,-,0,-,-,-,-,0
International Union for Conservation of Nature and Natural Resources,iucn,100,100,100,100,100,100,100,100,100,100
International Women's Development Agency,iwda,-,-,-,-,0,-,-,-,-,0
International Women's Rights Action Watch Asia Pacific,iwrawasiapacific,100,83,100,83,92,100,83,100,83,92
International Youth Alliance for Family Planning,iyafp,-,-,-,-,0,-,-,-,-,0
Internews Europe,ieu,17,60,67,100,61,17,60,67,100,61
Interpeace,interpeace,5,94,0,0,25,5,94,0,0,25
INTERSOS Onlus,intersos_main,0,100,50,50,50,0,100,50,50,50
INTOSAI Development Initiative,idi,100,100,-,100,75,100,100,-,100,75
INTRAC,intrac,0,100,50,100,62,0,100,50,100,62
IntraHealth International,intrahealth,-,-,-,-,0,-,-,-,-,0
InvestInternational,investinternational,40,59,100,83,70,40,59,100,83,70
IOD PARC,iodparc,0,92,7,100,50,0,92,7,100,50
iPartner India,ip-india,-,-,-,-,0,-,-,-,-,0
Ipas,ipas,0,67,100,100,67,0,67,100,100,67
IPE Global Limited,ipeglobal,0,100,33,100,58,0,100,33,100,58
Iraq Foundation,iraq_foundation,75,100,0,100,69,75,100,0,100,69
IRC,irc,-,-,-,-,0,-,-,-,-,0
Ireland - Department of Foreign Affairs,irishaid,0,100,100,100,75,0,100,100,100,75
IREX (International Research and Exchange Board),irex,0,0,-,100,25,0,0,-,100,25
"Iringa Development of Youth, Disabled and Children Care",idydc,-,-,-,-,0,-,-,-,-,0
Irise International,irise_int,-,-,-,-,0,-,-,-,-,0
Irrawaddy Policy Exchange,ipe,0,100,0,100,50,0,100,0,100,50
Islamic Relief Worldwide,irw,0,100,100,100,75,0,100,100,100,75
IT for Change,itforchange,100,100,100,100,100,100,100,100,100,100
Itad,itad,0,100,17,100,54,0,100,17,100,54
ITECO - Centre de formation pour le développement,iteco,-,-,-,-,0,-,-,-,-,0
IUCN Nederlands Comité,iucn_nl,93,93,100,100,96,93,93,100,100,96
Japan International Cooperation Agency (JICA),jica,31,4,100,0,34,31,4,100,0,34
Jeevika Trust,jeevika_trust,-,-,-,-,0,-,-,-,-,0
Jinja district union of persons with disabilities,jidu2021,0,-,-,100,25,0,-,-,100,25
Johns Hopkins University,gi-jhu,-,-,-,-,0,-,-,-,-,0
Jordan Open Source Association,josa,0,100,100,100,75,0,100,100,100,75
Jordan River Foundation,jrf,0,0,0,100,25,0,0,0,100,25
Joshua Orphan and Community Care,jocc_uk,0,100,0,100,50,0,100,0,100,50
JoWomenomics,jowomenomics,0,0,0,100,25,0,0,0,100,25
Just Associates,jass,50,100,100,100,88,50,100,100,100,88
Justice For All Prison Fellowship Ethiopia,jfa-pfe,-,-,-,-,0,-,-,-,-,0
Kadaster International,kad,0,0,-,50,12,0,0,-,100,25
Karuna Mission Social Solidarity - KMSS,kmss,-,-,-,-,0,-,-,-,-,0
Karuna Trust,karuna,0,100,100,100,75,0,100,100,100,75
Kathmandu Medical College Public Limited,kmc,-,-,-,-,0,-,-,-,-,0
Kemitraan Bagi Pembaruan Tata Pemerintahan,kemitraan,-,-,-,-,0,-,-,-,-,0
Kenya Community Development Foundation,kcdf,100,0,100,100,75,100,0,100,100,75
Kenya National Commission on Human Rights,knchr,0,0,-,100,25,0,0,-,100,25
Kenya Private Sector Alliance,kepsa,0,0,100,100,50,0,0,100,100,50
Kepa ry,kepa,-,-,-,-,0,-,-,-,-,0
Kerk in Actie,kerk_in_actie,100,100,100,100,100,100,100,100,100,100
Kesho Kenya,kesho_kenya,0,100,100,0,50,0,100,100,0,50
kidasha,kidasha,0,100,0,100,50,0,100,0,100,50
King Hussein Foundation,khf,0,0,100,39,35,0,0,100,39,35
King Salman Humanitarian Aid and Relief Centre,ksrelief291,0,99,100,100,75,0,99,100,100,75
King's College London,kingscollegelondon,0,100,67,100,67,0,100,67,100,67
Kisumu Medical and Education Trust,kmet,-,-,-,-,0,-,-,-,-,0
KITUO CHA SHERIA,kituo,0,100,0,100,50,0,100,0,100,50
KIYO,kiyo,-,-,-,-,0,-,-,-,-,0
Koepel van de Vlaamse Noord-Zuidbeweging 11.11.11 VZW,111111_publisher,100,100,-,100,75,100,100,-,100,75
Koninklijk Nederlands Meteorologisch Instituut,knmi,-,-,-,-,0,-,-,-,-,0
KPMG East Africa,kpmgea,100,100,100,100,100,100,100,100,100,100
KPMG LLP,kpmgllp,-,-,-,-,0,-,-,-,-,0
Kvinna till Kvinna,ktk,67,33,100,100,75,67,33,100,100,75
KwaAfrica,kwaafrica,0,100,0,100,50,0,100,0,100,50
Kwame Nkrumah University of Science and Technology,knust,-,-,-,-,0,-,-,-,-,0
Kyiv School of Economics and Management,kse,-,-,-,-,0,-,-,-,-,0
LAMB Health Care Foundation,lhcf,0,100,0,100,50,0,100,0,100,50
Land Equity International,lei,0,0,0,100,25,0,0,0,100,25
Landell Mills,landell-mills,0,0,0,100,25,0,0,0,100,25
Larive International,larive,0,0,-,100,25,0,0,-,100,25
Laïcité et Humanisme en Afrique Centrale (LHAC),lhac,-,-,-,-,0,-,-,-,-,0
Le Monde selon les femmes asbl,mondefemmes,50,100,-,100,62,50,100,-,100,62
LEAD International,lead_international,-,-,-,-,0,-,-,-,-,0
Leaders of Tomorrow,sqf,0,100,100,100,75,0,100,100,100,75
Learning for Life,learningforlife,-,-,-,-,0,-,-,-,-,0
Legal Action Worldwide,law,100,100,100,100,100,100,100,100,100,100
Lemann Foundation,lemann,0,100,100,100,75,0,100,100,100,75
Leonard Cheshire Disability,lcd_admin,20,100,80,40,60,20,100,80,40,60
Lepra,lepra,-,-,-,-,0,-,-,-,-,0
Liga Internacional de Mujeres por la Paz y la Libertad - Limpal Colombia,limpal-colombia,100,100,100,100,100,100,100,100,100,100
Light Castle Partners,lcp,-,-,-,-,0,-,-,-,-,0
Light For The World Belgium,lftw-be,100,100,100,100,100,100,100,100,100,100
Light for the World International,lftw-int,100,0,-,100,50,100,0,-,100,50
Link Community Development International,lcdi_admin,0,100,100,67,67,0,100,100,67,67
Link Community Development Scotland,lcds,0,100,100,100,75,0,100,100,100,75
"Lithuania, Ministry of Foreign Affairs",lithuania_mfa,-,-,-,-,0,-,-,-,-,0
Lively Minds,livelyminds,-,-,-,-,0,-,-,-,-,0
Liverpool School of Tropical Medicine,lstm,0,100,100,80,70,0,100,100,80,70
Living Earth Foundation,livingearth12,0,100,-,100,50,0,100,-,100,50
living peace institute,lpi,0,0,100,100,50,0,0,100,100,50
LIWA programme trust,liwa-admin,-,-,-,-,0,-,-,-,-,0
Local Development and Small Projects Support,ldsps,-,-,-,-,0,-,-,-,-,0
London Business School,lbs,-,-,-,-,0,-,-,-,-,0
London School of Economics and Political Science,lse,0,100,100,100,75,0,100,100,100,75
London School of Hygiene and Tropical Medicine,lshtm,0,100,50,100,62,0,100,50,100,62
Loughborough University,lboro,0,100,100,100,75,0,100,100,100,75
Louvain Coopération,lc,-,-,-,-,0,-,-,-,-,0
LTS International Limited,lts,0,100,100,100,75,0,100,100,100,75
Luminate Foundation Inc.,luminate,100,99,100,0,75,100,99,100,0,75
M&C Saatchi,mcs_new,0,0,0,100,25,0,0,0,100,25
Maastricht School of Management,msm-ipd,-,-,-,-,0,-,-,-,-,0
MADE in Europe,mie-1134415,0,0,0,100,25,0,0,0,100,25
MAG,mag,0,100,-,86,46,0,100,-,86,46
Mainline,mainline,-,-,-,-,0,-,-,-,-,0
Makerere University School of Public Health,maksph,0,0,-,92,23,0,0,-,92,23
Malaria Consortium,malariaconsortium,54,73,-,100,57,54,73,-,100,57
Mama Cash,mamac,20,60,100,100,70,20,60,100,100,70
MAMTA - Health Institute for Mother and Child,mamta_himc,0,0,0,100,25,0,0,0,100,25
Mango Tree Property Management LTD,mangotree,-,-,-,-,0,-,-,-,-,0
MannionDaniels,manniondaniels,75,-,-,100,44,75,-,-,100,44
MapAction,mapaction,0,100,0,100,50,0,100,0,100,50
marysmeals,marysmeals,0,100,100,100,75,0,100,100,100,75
Mastercard Foundation,mastercard-foundation,100,0,-,0,25,100,0,-,0,25
Max Foundation,max-foundation,40,100,67,80,72,40,100,67,80,72
Maxwell Stamp PLC,mstamp,0,0,0,33,8,0,0,0,100,25
McKinsey & Company,mck,0,0,0,75,19,0,0,0,100,25
McKinsey Development Partners,mdp,0,0,-,100,25,0,0,-,100,25
MDF Global,mdf,100,100,100,100,100,100,100,100,100,100
MedAccess Guarantee Limited,medaccess,0,0,-,100,25,0,0,-,100,25
Medair,medair,0,100,0,100,50,0,100,0,100,50
Medecins du Monde Belgique - Dokters van de Wereld Belgïe,medecins,0,100,100,100,75,0,100,100,100,75
Medecins du Monde France,mdm-fr,0,0,-,100,25,0,0,-,100,25
Media Development Investment Fund,mdif,0,0,-,100,25,0,0,-,100,25
"Medical Research Centre (MRC), Sierra Leone",mrc-sierra-leone,-,-,-,-,0,-,-,-,-,0
MedicineAfrica Ltd.,medafrica,-,-,-,-,0,-,-,-,-,0
Medicos del Mundo,mdm_spain,0,100,0,100,50,0,100,0,100,50
Memisa,memisa,100,100,-,100,75,100,100,-,100,75
Meningitis Research Foundation,mrf,-,-,-,-,0,-,-,-,-,0
Mensen met een Missie,mm1,80,90,100,100,92,80,90,100,100,92
Mercy Corps Europe,mce,73,100,40,91,76,73,100,40,91,76
Mercy Corps Global,mcg,-,-,-,-,0,-,-,-,-,0
Mercy Corps Netherlands,mcn,-,-,-,-,0,-,-,-,-,0
Mercy Ships UK Limited,msuk,-,-,-,-,0,-,-,-,-,0
Mercy-USA for Aid and Development,mercy-usa,0,100,-,100,50,0,100,-,100,50
MICAIA,mic-uk,0,50,0,100,38,0,50,0,100,38
Micaia Foundation,micfound,0,100,0,100,50,0,100,0,100,50
Micro Insurance Academy,mia_india,-,-,-,-,0,-,-,-,-,0
MicroLoan Foundation,mlf,-,-,-,-,0,-,-,-,-,0
Miel Maya Honing asbl,mmha,100,100,-,100,75,100,100,-,100,75
Mifumi UK,mifumi_uk,0,100,0,100,50,0,100,0,100,50
Milieudefensie,foenl,100,100,100,100,100,100,100,100,100,100
Millennium Challenge Corporation,millenniumchallenge,100,100,100,100,100,100,100,100,100,100
Ministry of Foreign Affairs - United Arab Emirates (UAE),mofaic_uae,0,100,-,0,25,0,100,-,0,25
Ministry of Foreign Affairs of  Japan,mofa-jpn,100,0,-,0,25,100,0,-,0,25
Ministry of Foreign and European Affairs of the Slovak Republic,slovakaid,95,99,-,0,48,95,99,-,0,48
Ministère de l'Economie et des Finances du Bénin,mefbenin,-,-,-,-,0,-,-,-,-,0
Minority Rights Group,mrg,0,40,0,40,20,0,40,0,40,20
Mission Øst,missioneast,0,0,100,0,25,0,0,100,0,25
Mondiaal FNV,mondiaalfnv,100,88,50,100,84,100,88,50,100,84
Montrose International LLP,montrose_llp,0,100,-,100,50,0,100,-,100,50
mothers2mothers,m2m_sa,100,100,0,100,75,100,100,0,100,75
Motivation,motivation,0,100,0,100,50,0,100,0,100,50
Mott MacDonald Limited,mml,88,7,88,100,71,88,7,88,100,71
MSI Reproductive Choices,msi,100,100,88,100,97,100,100,88,100,97
Mukisa Foundation,mukisa_foundation,0,100,100,100,75,0,100,100,100,75
Mulanje Mission Hospital,mmh,0,100,0,100,50,0,100,0,100,50
Multilateral Investment Fund,fomin,100,86,100,0,72,100,86,100,0,72
Musalaha Ministry of Reconciliation,mmr_admin2,0,100,-,100,50,0,100,-,100,50
Musawah Global Vision Berhad,musawah,0,100,100,100,75,0,100,100,100,75
Muslim Aid,muslimaid,-,-,-,-,0,-,-,-,-,0
MVO Nederland,mvo_nederland,-,-,-,-,0,-,-,-,-,0
Mwatana for Human Rights,mwatana,100,100,100,100,100,100,100,100,100,100
Mzumbe University,m_u,0,50,-,100,38,0,50,-,100,38
Médecins Sans Vacances,msv,75,100,-,100,69,75,100,-,100,69
"Namati, Inc",namati_inc,-,-,-,-,0,-,-,-,-,0
Nathan Associates London Ltd.,nathan,0,27,100,82,52,0,27,100,82,52
National Coalition of Human Rights Defenders - Kenya,nchrdk,100,0,100,100,75,100,0,100,100,75
National Union of Women With Disabilities of Uganda,nuwodu,100,100,100,100,100,100,100,100,100,100
Natural Justice,nj_1,62,100,100,100,90,62,100,100,100,90
Natural Resource Governance Institute (NRGI),nrgi,-,-,-,-,0,-,-,-,-,0
"Natural Resources Institute, University of Greenwich.",nri,25,50,0,50,31,25,50,0,50,31
Nature and Development Foundation,ndf_fgm,0,100,100,100,75,0,100,100,100,75
Near East Foundation (NEF USA),nef_usa,-,-,-,-,0,-,-,-,-,0
Near East Foundation Mali (NEF Mali),nef_mali,0,100,100,100,75,0,100,100,100,75
Near East Foundation UK (NEF UK),nef-uk,0,0,100,100,50,0,0,100,100,50
Neem Foundation,neem,-,-,-,-,0,-,-,-,-,0
Nepal Disabled Human Rights Center,dhrc_nepal,0,100,100,100,75,0,100,100,100,75
Nepal Netra Jyoti Sangh,nnjs_nepal,0,100,100,0,50,0,100,100,0,50
Netherlands - Ministry of Foreign Affairs,minbuza_nl,100,99,100,100,100,100,99,100,100,100
Netherlands Commission for Environmental Assessment,ncea,0,-,100,0,25,0,-,100,0,25
Netherlands Enterprise Agency (RVO),rvo,87,98,98,95,94,87,98,98,95,94
Netherlands Food Partnership,nfp,100,100,100,100,100,100,100,100,100,100
Netherlands Institute for Multiparty Democracy (NIMD),nimd-hq,63,77,100,93,83,63,77,100,93,83
Netherlands Organisation for Scientific Research (NWO),nwo,33,0,100,100,58,33,0,100,100,58
Netherlands Red Cross,nlrc,32,100,93,100,81,32,100,93,100,81
Netherlands Space Office,nso,50,0,100,100,62,50,0,100,100,62
Netherlands Water Partnership,nwp,0,100,100,100,75,0,100,100,100,75
Network for Africa,network4africa,-,-,-,-,0,-,-,-,-,0
Network For Enterprise Enhancement and Development Support,needs,-,-,-,-,0,-,-,-,-,0
New York University,nyu,0,0,-,100,25,0,0,-,100,25
New Zealand - Ministry of Foreign Affairs and Trade - New Zealand Aid Programme,mfat,47,100,100,41,72,47,100,100,41,72
NGO Federation of Nepal,nfn,-,-,-,-,0,-,-,-,-,0
Ngo-federatie (Vlaamse federatie van ngo's voor ontwikkelingssamenwerking),ngo-federatie,100,100,-,100,75,100,100,-,100,75
Niger Delta Stakeholders Initiative for Community Development and Empowerment,ndsicde,50,100,100,100,88,50,100,100,100,88
NIRAS A/S,niras,0,100,100,100,75,0,100,100,100,75
NKHOMA MISSION HOSPITAL,nmhiati,-,-,-,-,0,-,-,-,-,0
NLR,nlr,100,100,100,0,75,100,100,100,0,75
NLR Indonesia,nlr_indonesia,-,-,-,-,0,-,-,-,-,0
Non-Timber Forest Products Exchange Programme,ntfp-ep,100,100,100,100,100,100,100,100,100,100
Nonviolent Peaceforce South Sudan,npss,100,67,67,0,58,100,67,67,0,58
Norad - Norwegian Agency for Development Cooperation,norad,100,98,100,39,84,100,98,100,39,84
NORSAAC,norsaac,0,0,-,0,0,0,0,-,0,0
Northern Ireland Cooperation Overseas Ltd,nico,-,-,-,-,0,-,-,-,-,0
Northern Network for Education Development,nned,0,20,0,80,25,0,20,0,80,25
Northern Rangelands Trust,nrt-kenya,-,-,-,-,0,-,-,-,-,0
Norwegian People's Aid,npa,0,100,100,100,75,0,100,100,100,75
Norwegian Refugee Council,nrc,25,100,0,50,44,25,100,0,50,44
"NpM, Platform for Inclusive Finance",npm,0,33,0,100,33,0,33,0,100,33
Nuffic,nuffic20171017,1,56,100,78,59,1,56,100,78,59
Nutrition International,nutritionintl,-,-,-,-,0,-,-,-,-,0
OCHA Country Based Pooled Funds,unocha-cbpf,100,81,0,100,70,100,81,0,100,70
ODI,odi,100,100,73,100,93,100,100,73,100,93
ODI Sales Limited,odi_sales_ltd,100,100,50,100,88,100,100,50,100,88
OECD,oecd,0,100,0,100,50,0,100,0,100,50
Office for National Statistics,ons,-,-,-,-,0,-,-,-,-,0
Okapi Consulting,okapiconsulting,0,0,-,0,0,0,0,-,0,0
Olamma Cares Foundation,olammacares,-,-,-,-,0,-,-,-,-,0
One Acre Fund,oneacrefund,0,11,100,11,30,0,11,100,11,30
One to One Children's Fund,onetoonecf,-,-,-,-,0,-,-,-,-,0
One Young World,oyw,0,0,-,100,25,0,0,-,100,25
ONG ALCRER,alcrer-1,0,-,100,100,50,0,-,100,100,50
Open Capital Advisors,oca,0,100,100,100,75,0,100,100,100,75
openmindedly,openmindedly,-,-,-,-,0,-,-,-,-,0
OpenNorth,opennorth,-,-,-,-,0,-,-,-,-,0
Opportunity International Savings and Loans Ltd,oisl_gh,0,100,-,100,50,0,100,-,100,50
Opportunity International UK,opportunity-international-uk,20,60,40,100,55,20,60,40,100,55
Options Consultancy Services,options,0,100,92,100,73,0,100,92,100,73
Orbis Africa,orbis_africa,-,-,-,-,0,-,-,-,-,0
Orbis Charitable Trust,orbis_uk,100,100,100,100,100,100,100,100,100,100
Orbis Ethiopia,orbis_ethiopia,100,100,100,100,100,100,100,100,100,100
Orbis International,orbis_international,100,100,100,100,100,100,100,100,100,100
OurLoop Stitchting,loop,0,100,0,100,50,0,100,0,100,50
Oxfam America,oxfamus,0,90,-,100,48,0,90,-,100,48
Oxfam Australia,oau,0,99,100,99,74,0,99,100,99,74
Oxfam GB,oxfamgb,97,100,100,100,99,97,100,100,100,99
Oxfam IBIS,ibis_denmark,0,0,0,50,12,0,0,0,50,12
Oxfam India,oxfamindia,-,-,-,-,0,-,-,-,-,0
Oxfam Intermón,oxfamintermon,1,1,100,100,50,1,1,100,100,50
Oxfam Novib,onl,0,99,86,98,71,0,99,86,98,71
Oxfam Solidarité-Solidariteit,oxsol,-,-,-,-,0,-,-,-,-,0
Oxfam Wereldwinkels,oww,0,100,-,100,50,0,100,-,100,50
Oxfam-Magasins du monde (omdm),omdm,-,-,-,-,0,-,-,-,-,0
Oxfam-Quebec,oqc,0,100,100,100,75,0,100,100,100,75
Oxford Policy Management,opml,0,27,50,100,44,0,27,50,100,44
Pact,pact,100,0,-,0,25,100,0,-,0,25
Palestinian Working Women Society for Development,pwwsd_2022,100,100,100,100,100,100,100,100,100,100
Palladium Europe,palladium_eur,0,100,100,100,75,0,100,100,100,75
Palladium International Ltd (UK),palladium,93,100,33,100,82,93,100,33,100,82
Palliative Care Association of Malawi,pacam,-,-,-,-,0,-,-,-,-,0
Palliative Care Support Trust,pcst,0,100,50,100,62,0,100,50,100,62
Pan Africa ILGA,pai155669,100,100,-,100,75,100,100,-,100,75
Pan African Climate Justice Alliance,pacja,100,100,100,100,100,100,100,100,100,100
Panos Institute West Africa (PIWA),ipao,0,24,-,14,10,0,24,-,14,10
Paradigm Initiative,paradigm,-,-,-,-,0,-,-,-,-,0
Partnership for African Social & Governance Research (PASGR),pasgr,-,-,-,-,0,-,-,-,-,0
partos,partos_nl,71,100,83,86,85,71,100,83,86,85
Pastoralist Girls Initiative,pgi_kenya,0,100,100,0,50,0,100,100,0,50
PATH,_path_,0,33,100,67,50,0,33,100,67,50
Pathfinder International,pathfinder1,100,100,100,100,100,100,100,100,100,100
PAX,pax,100,100,95,100,99,100,100,95,100,99
Peace Brigades International,pbi_io,0,0,-,100,25,0,0,-,100,25
Peace Direct,peacedirect,100,100,100,100,100,100,100,100,100,100
PEAS (Promoting Equality in African Schools),peas,0,100,0,67,42,0,100,0,100,50
Pegasys Limited,pegasys-eu,100,100,50,100,88,100,100,50,100,88
Penal Reform International,pri,-,-,-,-,0,-,-,-,-,0
People In Aid,peopleinaid,0,100,0,100,50,0,100,0,100,50
People in Need,pin,100,100,0,100,75,100,100,0,100,75
People's Process on Housing and Poverty in Zambia,pphpz,100,100,100,100,100,100,100,100,100,100
PHASE Nepal,phase-nepal,-,-,-,-,0,-,-,-,-,0
PHASE Worldwide,phase_worldwide,0,100,0,100,50,0,100,0,100,50
Plan International Belgium,pib,100,100,100,100,100,100,100,100,100,100
Plan International Finland,planinternationalfinland,-,-,-,-,0,-,-,-,-,0
Plan International Netherlands,plannlno,90,100,85,94,92,90,100,85,94,92
Plan International UK,plan_uk,0,91,6,97,48,0,91,6,97,48
Plan International USA,plan_usa,50,100,0,100,62,50,100,0,100,62
Plan Ireland Charitable Assistance Limited,plan_ireland,-,-,-,-,0,-,-,-,-,0
PlanBørnefonden,plb,0,-,100,100,50,0,-,100,100,50
Plataforma Moçambicana da Água (PLAMA),plama,0,100,100,100,75,0,100,100,100,75
Plateforme des Acteurs de la Société Civile au BENIN,pascib_benin,100,0,100,100,75,100,0,100,100,75
PONT,pont,-,-,-,-,0,-,-,-,-,0
Pontis Foundation,pontis,-,-,-,-,0,-,-,-,-,0
Population Media Center,pmc,0,0,0,50,12,0,0,0,50,12
Population Service International,psi,70,50,100,80,75,70,50,100,80,75
Population Services and Training Centre (PSTC),pstc_1102,0,0,50,100,38,0,0,50,100,38
Population Services Kenya,pskenya_19,0,74,0,100,44,0,74,0,100,44
PositiveNegatives,posneg,0,100,0,100,50,0,100,0,100,50
Power International,power,0,100,-,100,50,0,100,-,100,50
PPAG,ppag_123,-,-,-,-,0,-,-,-,-,0
PRACTICA Foundation,practica,0,100,-,100,50,0,100,-,100,50
Practical Action,pa,0,100,100,100,75,0,100,100,100,75
Pragya India,pragya,-,-,-,-,0,-,-,-,-,0
PRI Association,pri_icf,-,-,-,-,0,-,-,-,-,0
PricewaterhouseCoopers Private Limited India,pwcplindia,0,75,50,100,56,0,75,50,100,56
Prince Claus Fund,pcf,9,0,50,83,36,9,0,50,83,36
Private Infrastructure Development Group,pidg,96,28,88,100,78,96,28,88,100,78
Programming Their Future,p-t-f-,-,-,-,-,0,-,-,-,-,0
Progressio (closed),progressio,0,100,0,0,25,0,100,0,50,38
Project Harar,phe,-,-,-,-,0,-,-,-,-,0
Promundo-US,pmo-us,50,50,67,100,67,50,50,67,100,67
Prospero Limited,prospero,-,-,-,-,0,-,-,-,-,0
Protecting Families Against HIV/AIDS,prefa_1,0,100,100,100,75,0,100,100,100,75
Protos,protos,100,-,-,100,50,100,-,-,100,50
Public International Law & Policy Group,pilpg,0,-,-,100,25,0,-,-,100,25
Publish What You Fund,pwyf,0,0,-,0,0,0,0,-,0,0
PUM Netherlands,pumnl,-,-,-,-,0,-,-,-,-,0
Pump Aid,pumpaid,100,100,100,100,100,100,100,100,100,100
PwC,pwc,0,86,83,71,60,0,86,83,71,60
Queen Rania Foundation for Education and Development,qrfed,0,100,-,0,25,0,100,-,0,25
Quinoa,quinoa,-,-,-,-,0,-,-,-,-,0
Rabo Partnerships,rabo_partnerships,0,0,100,100,50,0,0,100,100,50
Radio La Benevolencija,rlb,100,100,100,100,100,100,100,100,100,100
Rahnuma-Family Planning Assocation of Pakistan,rfpap,-,-,-,-,0,-,-,-,-,0
Railway Children,rc,0,100,0,100,50,0,100,0,100,50
Railway Children Africa,rc2africa,-,-,-,-,0,-,-,-,-,0
RAIN Foundation (former),rainfoundation,22,83,100,100,76,22,83,100,100,76
Rainforest Action Network,ran,-,-,-,-,0,-,-,-,-,0
Rainforest Alliance,rainforest-alliance,0,100,0,100,50,0,100,0,100,50
Rainforest Foundation UK,rfuk,-,-,-,-,0,-,-,-,-,0
Raleigh International,raleigh_int,50,100,0,100,62,50,100,0,100,62
RCN Justice & Démocratie,rcn,-,-,-,-,0,-,-,-,-,0
Reach A Hand Uganda,rahuug,0,67,-,0,17,0,67,-,0,17
Red Cross Red Crescent Climate Centre,climate_centre,-,-,-,-,0,-,-,-,-,0
RedR UK,redruk,-,-,-,-,0,-,-,-,-,0
Regional Advisory Information and Network Systems,rains,0,50,100,100,62,0,50,100,100,62
"Rehabilitation, Education and Community Health (REACH)",reach-iraq,0,50,0,100,38,0,50,0,100,38
Relief International UK,ri-uk,60,100,25,100,71,60,100,25,100,71
Rene Moawad Foundation,rmf-lb,100,100,100,100,100,100,100,100,100,100
Republic of Korea,odakorea,65,48,100,97,78,65,48,100,97,78
Resilience,resilience,-,-,-,-,0,-,-,-,-,0
Resource Extraction Monitoring,rem,-,-,-,-,0,-,-,-,-,0
Responsible Mining Foundation,rmf,-,-,-,-,0,-,-,-,-,0
Restart Center,restartcenter,0,0,0,100,25,0,0,0,100,25
Restless Development,restless,40,100,60,100,75,40,100,60,100,75
Results for Development,r4d,11,89,100,100,75,11,89,100,100,75
Retrak,retrak,-,-,-,-,0,-,-,-,-,0
Right to Play Netherlands Foundation,rtp,-,-,-,-,0,-,-,-,-,0
Rights and Resources Initaitive,rri,0,100,0,100,50,0,100,0,100,50
Rikolto,rikolto,92,100,-,100,73,92,100,-,100,73
Rikolto in Belgium,rikolto_belgium,100,100,-,100,75,100,100,-,100,75
Riverrecycle Oy,riverrecycle,100,-,0,100,50,100,-,0,100,50
Rocky Mountain Institute,rmi,-,-,-,-,0,-,-,-,-,0
Rode Kruis-Vlaanderen Internationaal vzw,rkiv,83,100,-,100,71,83,100,-,100,71
Rojiroti UK,rojiroti,-,-,-,-,0,-,-,-,-,0
Rotary Clubs For Development,rc4d,-,-,-,-,0,-,-,-,-,0
Royal College of General Practitioners (RCGP),rcgp-international,-,-,-,-,0,-,-,-,-,0
Royal College of Obstetricians & Gynaecologists,rcog_resilience_in_obstetric_skills,0,100,-,100,50,0,100,-,100,50
Royal Commonwealth Ex-Sevices League,rcel,0,100,100,100,75,0,100,100,100,75
Royal Institute of International Affairs,riia,0,50,50,100,50,0,50,50,100,50
Royal National Lifeboat Institution (RNLI),rnli_international,0,100,0,100,50,0,100,0,100,50
Royal Netherlands Football Association,knvb,-,-,-,-,0,-,-,-,-,0
Royal Society for the Protection of Birds,rspb_,-,-,-,-,0,-,-,-,-,0
Royal Tropical Institute,kit,54,79,45,92,68,54,79,45,92,68
RUAF Foundation,ruaf,-,-,-,-,0,-,-,-,-,0
Rutgers,rutgers,74,97,91,97,90,74,97,91,97,90
Sabre Education Limited,sct,100,100,0,100,75,100,100,0,100,75
Saferworld,saferworld,86,95,95,93,92,86,95,95,93,92
Samaritan's Purse UK,spuk,100,100,100,100,100,100,100,100,100,100
Sana'a Center for Strategic Studies,scss,0,100,100,100,75,0,100,100,100,75
Satellite Applications Catapult Ltd,satelliteapplicationscatapultltd,0,0,0,100,25,0,0,0,100,25
Savana Signatures,savsign-org,-,-,-,-,0,-,-,-,-,0
Save the Children DK,redbarnet,0,0,-,0,0,0,0,-,0,0
Save the Children International,sci,51,58,100,51,65,51,58,100,51,65
Save the Children Netherlands,scnl,89,0,100,100,72,89,0,100,100,72
Save the Children UK,scuk,0,72,0,0,18,0,72,0,0,18
SCI Projets Internationaux ASBL_Service Civil International branche belge,scibelgium,100,100,-,100,75,100,100,-,100,75
Scotland's International Development Alliance,sinda,-,-,-,-,0,-,-,-,-,0
Scottish Catholic International Aid Fund (SCIAF),sciaf,40,100,80,100,80,40,100,80,100,80
"SDSN Association, Inc.",sdsna,0,100,0,100,50,0,100,0,100,50
Search for Common Ground (SFCG),sfcg,81,94,93,100,92,81,94,93,100,92
SECOURS CATHOLIQUE - CARITAS FRANCE,sccf,0,0,100,100,50,0,0,100,100,50
Secrétariat de Concertation des Organisations Non Gouvernementales Maliennes,seco-ong-mali,100,0,100,100,75,100,0,100,100,75
Secrétariat Permanent des Organisation non-gouvernementales du Burkina Faso (SPONG-BURKINA),spong-burkina,100,0,100,100,75,100,0,100,100,75
Seefar,seefar,0,50,-,0,12,0,50,-,0,12
SeeYou Foundation,syf,25,100,100,100,81,25,100,100,100,81
Sehat Kahani (Community Innovation Hub),sehatkahanicih,0,100,-,100,50,0,100,-,100,50
Self Help Africa,self-help-africa,0,0,-,100,25,0,0,-,100,25
Send a Cow,sendacow,0,83,0,100,46,0,83,0,100,46
Send a Cow Ethiopia,sacethiopia,-,-,-,-,0,-,-,-,-,0
Send a Cow Kenya,sac_kenya,-,-,-,-,0,-,-,-,-,0
Send a Cow Uganda,sacu,0,100,0,0,25,0,100,0,0,25
Sense International,sense_international,0,100,75,100,69,0,100,75,100,69
Sensorial Handicap Cooperation,shc,-,-,-,-,0,-,-,-,-,0
Sexual Reproductive Health and Rights Africa Trust,srhr_africa_trust,0,45,80,100,56,0,45,80,100,56
Shack Dwellers International - Kenya,sdi-k,100,100,100,100,100,100,100,100,100,100
ShelterBox,shelterbox,-,-,-,-,0,-,-,-,-,0
Shift Project Ltd.,shiftproject,0,0,-,100,25,0,0,-,100,25
Shortlist Professionals Limited,shortlistogti,0,100,100,100,75,0,100,100,100,75
Sightsavers,ss-org,100,100,12,100,78,100,100,12,100,78
Signal,signal,100,100,0,100,75,100,100,0,100,75
SIHA Network,siharegional,50,50,100,100,75,50,50,100,100,75
siiqqee Women's Development Association,swda,100,100,0,100,75,100,100,0,100,75
Silsab Foundation,silsab1-_,0,0,-,100,25,0,0,-,100,25
Simavi,simavi,95,-,-,100,49,95,-,-,100,49
Simprints,simprints,-,-,-,-,0,-,-,-,-,0
Siren Associates,siren,-,-,-,-,0,-,-,-,-,0
Sisonke National Sex Workers Movement,sisonke,33,67,100,100,75,33,67,100,100,75
Slovenia - Ministry of Foreign Affairs,si-mfa,0,100,-,100,50,0,100,-,100,50
Slum Dwellers International,sdi-int,50,50,0,100,50,50,50,0,100,50
Small Arms Survey,sas_sana,-,-,-,-,0,-,-,-,-,0
SNV Netherlands Development Organisation,snv,42,23,69,100,58,42,23,69,100,58
SOAS University of London,soas,0,100,100,100,75,0,100,100,100,75
Sociaal-Economische Raad,ser,14,0,86,14,28,14,0,86,14,28
Social Accountability International,social_accountability_international,0,0,0,0,0,0,0,0,0,0
Social Development Direct Limited,sddirect,0,77,54,86,54,0,77,54,86,54
"Social Fund for Development, Yemen",sfd-yemen,0,-,-,0,0,0,-,-,100,25
Social Impact Lab CIC,simlab,50,50,0,100,50,50,50,0,100,50
Social Watch Benin,swb_1,-,-,-,-,0,-,-,-,-,0
Société Nationale des eaux du Bénin (SONEB),soneb-benin,-,-,-,-,0,-,-,-,-,0
SolarNow Services (U) Ltd,solarnowsofa,0,25,67,100,48,0,25,67,100,48
Solidagro,solidagro_admin,-,-,-,-,0,-,-,-,-,0
Solidar Suisse,solidarsuisse,100,100,100,100,100,100,100,100,100,100
Solidaridad,solidaridad,94,89,100,98,95,94,89,100,98,95
Solidaridad Europe,solidaridad-europe,100,100,100,88,97,100,100,100,88,97
Solidaridad South & South-East Asia,solidaridad-ssea,-,-,-,-,0,-,-,-,-,0
Solidaridad West Africa,solidaridad-waf,100,100,100,100,100,100,100,100,100,100
Solidarites International,solidarites-international,0,0,0,100,25,0,0,0,100,25
Solsoc,solsoc,-,-,-,-,0,-,-,-,-,0
Soluciones en Legislación y Política Ambiental AC,polea,-,-,-,-,0,-,-,-,-,0
Sonke Gender Justice,sjg,75,75,100,100,88,75,75,100,100,88
SOS Børnebyerne,sosdk,0,-,100,0,25,0,-,100,0,25
SOS Children's Villages Kenya,soscvkenya,-,-,-,-,0,-,-,-,-,0
SOS Children's Villages The Netherlands,sosnl,54,56,90,85,71,54,56,90,85,71
SOS FAIM - SOS HUNGER,sosfaim,-,-,-,-,0,-,-,-,-,0
SOS Italia,sosvdb_italia,-,-,-,-,0,-,-,-,-,0
SOS Jeunesse et Défis,sosjd6,0,0,0,100,25,0,0,0,100,25
SOS Kinderdorpen België / SOS Villages d'Enfants Belgique,svdbskb_admin,-,-,-,-,0,-,-,-,-,0
SOS Sahel International UK,sossaheluk,-,-,-,-,0,-,-,-,-,0
Sound Seekers Limited,soundseekers,-,-,-,-,0,-,-,-,-,0
South African Network of People who Use Drugs,sanpud,100,100,-,100,75,100,100,-,100,75
South Asian Women Development Forum,sawdf-admin,0,0,100,100,50,0,0,100,100,50
South West International Development Network,swidn,0,100,100,100,75,0,100,100,100,75
Southern African Catholic Bishops' Conference Aids Office,sacbc,0,-,0,100,25,0,-,0,100,25
SouthSouthNorth,ssn,100,-,-,100,50,100,-,-,100,50
Sowt podcasting and training L.L.C,sowt,100,100,100,100,100,100,100,100,100,100
Spain - Ministry of Foreign Affairs and Cooperation,maec,100,100,-,100,75,100,100,-,100,75
Spanish Agency for International Development Cooperation (AECID),aecid,100,100,100,100,100,100,100,100,100,100
SPARK,spark,75,100,100,100,94,75,100,100,100,94
Special Hope Network,shn,-,-,-,-,0,-,-,-,-,0
Stakeholder Democracy Network,sdn,0,-,0,100,25,0,-,0,100,25
STAR-Ghana Foundation,star_ghanafoundation,0,0,-,100,25,0,0,-,100,25
Stars Foundation,starsfoundation,0,100,-,100,50,0,100,-,100,50
STC International,stc-international,0,0,100,100,50,0,0,100,100,50
Stellenbosch University,su-impala,-,-,-,-,0,-,-,-,-,0
Stichting ActionAId,aanl,0,100,100,100,75,0,100,100,100,75
Stichting Aflatoun International,aflatoun,-,-,-,-,0,-,-,-,-,0
Stichting Agriterra,agriterra,100,100,100,53,88,100,100,100,53,88
Stichting Aidenvironment,aidenvironment,100,100,100,100,100,100,100,100,100,100
Stichting Beheer Subsidiegelden DRA,stichting-subsidiegelden-dra,-,-,-,-,0,-,-,-,-,0
Stichting Deltares,deltares,15,0,100,69,46,15,0,100,69,46
Stichting Fern,stichtingfern,14,91,100,100,76,14,91,100,100,76
Stichting fondsbeheer DGGF lokaal MKB,dggf_financing_local_smes,47,98,98,91,84,47,98,98,91,84
Stichting Habitat for Humanity Nederland,hfhnl,-,-,-,-,0,-,-,-,-,0
Stichting Health Action International,hai,0,0,100,67,42,0,0,100,67,42
Stichting Humana,humana_houben,0,0,-,100,25,0,0,-,100,25
Stichting Kinderpostzegels Nederland,skn,-,-,-,-,0,-,-,-,-,0
Stichting Leprazending Nederland - The Leprosy Mission Netherlands,leprazending-tlm-nl,25,100,100,100,81,25,100,100,100,81
Stichting Liliane Fonds,slf,100,86,100,100,96,100,86,100,100,96
Stichting Mayday Rescue Foundation,maydayrescue,0,0,-,100,25,0,0,-,100,25
Stichting Nederlands Instituut voor Internationale Betrekkingen 'Clingendael',clingendael,0,0,-,67,17,0,0,-,67,17
Stichting Onderzoek Multinationale Ondernemingen (SOMO),somo,100,0,100,50,62,100,0,100,50,62
Stichting Red een Kind,redeenkind,64,100,100,100,91,64,100,100,100,91
Stichting RNW Media,rnw_org,80,80,100,100,90,80,80,100,100,90
Stichting Vluchteling,st_vluchteling,100,100,53,94,87,100,100,53,94,87
Stichting VSO Nederland,vso_nl,100,86,100,100,96,100,86,100,100,96
Stichting VU Amsterdam - Amsterdam Centre for World Food Studies,acwfs_vu,0,0,-,0,0,0,0,-,0,0
Stichting Wilde Ganzen/ IKON,nl_wg,100,100,100,100,100,100,100,100,100,100
Stichting Wings For Aid Foundation,wfaf,0,0,100,100,50,0,0,100,100,50
Stichting Woord en Daad,w-d,86,83,20,86,69,86,83,20,86,69
Stockholm International Water Institute,siwi,0,100,-,100,50,0,100,-,100,50
Street Child,street_child,0,100,100,100,75,0,100,100,100,75
StreetInvest,si,-,-,-,-,0,-,-,-,-,0
Stromme Foundation,stromme_ug,-,-,-,-,0,-,-,-,-,0
Studio Globo,sg,-,-,-,-,0,-,-,-,-,0
Support Trust for Africa Development (STAD),stad,-,-,-,-,0,-,-,-,-,0
Survivors Fund (SURF),surf,0,50,0,50,25,0,100,0,100,50
Sustainable Development Institute,sdi,100,50,100,100,88,100,50,100,100,88
Sustainable Hospitality Alliance,sha,0,100,0,100,50,0,100,0,100,50
"Sweden, through Swedish International Development Cooperation Agency (Sida)",sida,97,93,100,94,96,97,93,100,94,96
Switzerland - Swiss Agency for Development and Cooperation (SDC),sdc_ch,98,95,100,0,73,98,95,100,0,73
Sympany+,simone_sympany,-,-,-,-,0,-,-,-,-,0
Synergie des Femmes pour la Paix et la Réconciliation des Peuples des Grands Lacs d'Afrique,spr,0,0,100,100,50,0,0,100,100,50
Synergía - Initiatives for Human Rights,synergiaihr,0,33,-,100,33,0,33,-,100,33
Syria Justice and Accountability Centre (SJAC),sjac,100,100,100,100,100,100,100,100,100,100
Syria Relief,sr,0,100,0,100,50,0,100,0,100,50
Syrian Center for Media and Freedom of Expression,scm,0,0,0,100,25,0,0,0,100,25
Tameer-e-Khalaq Foundation,tkf1234,0,0,100,100,50,0,0,100,100,50
Tanager,tan,100,100,100,100,100,100,100,100,100,100
Target TB,targettb,-,-,-,-,0,-,-,-,-,0
TB Alert,tbalert,100,100,0,100,75,100,100,0,100,75
Teach A Man To Fish,tamtf,-,-,-,-,0,-,-,-,-,0
TEAR fund Nederland,tear,36,90,100,64,72,36,90,100,64,72
Tearfund,tearfund,0,100,50,100,62,0,100,50,100,62
Tearfund VZW (TFBE),tfb_admin1,-,-,-,-,0,-,-,-,-,0
TechnoServe,tns,0,100,50,50,50,0,100,50,50,50
Terre des Hommes Netherlands,tdh_nl,5,98,100,97,75,5,98,100,97,75
Terre des hommes- Aide à l'enfance dans le monde- Fondation,tdh_foundation,0,100,0,100,50,0,100,0,100,50
The Access to Nutrition Foundation,atnf,7,43,33,93,44,7,43,33,93,44
The AGRI3 Fund,agri3_fund,0,0,100,0,25,0,0,100,0,25
The Asia Foundation,taf,25,75,33,100,58,25,75,33,100,58
The Carter Center,carter-center,-,-,-,-,0,-,-,-,-,0
the center for victimized women and children,cavwoc,-,-,-,-,0,-,-,-,-,0
The Centre for Economic Governance and Accountability in Africa  (CEGAA),cegaa,29,100,100,100,82,29,100,100,100,82
The Climate Change Organisation,climate-group,-,-,-,-,0,-,-,-,-,0
The Coca-Cola Export Corporation,tccec,-,-,-,-,0,-,-,-,-,0
The Commonwealth Secretariat,commonwealthsecretariat,0,86,-,100,46,0,86,-,100,46
The Convention on Business Integrity,cbi-nigeria,-,-,-,-,0,-,-,-,-,0
The Education Commission,educomm,0,50,100,100,62,0,50,100,100,62
The Faraday Institution,thefaradayinstitution,100,0,100,100,75,100,0,100,100,75
The Foundation Center,foundation_center,-,-,-,-,0,-,-,-,-,0
The Fred Hollows Foundation (UK),fhfuk,-,-,-,-,0,-,-,-,-,0
The Freedom Fund,tff,0,100,100,100,75,0,100,100,100,75
The Freedom Fund (US),tffus,-,-,-,-,0,-,-,-,-,0
The Global Alliance for Improved Nutrition,gain,72,79,83,7,60,72,79,83,7,60
"The Global Development Incubator, Inc",gdi,0,-,-,100,25,0,-,-,100,25
The Global Forum on MSM & HIV (MSMGF),msmgf,0,100,-,100,50,0,100,-,100,50
"The Global Fund to Fight AIDS, Tuberculosis and Malaria",theglobalfund,100,100,100,100,100,100,100,100,100,100
The Global Initiative Against Transnational Organized Crime,gi-toc,-,-,-,-,0,-,-,-,-,0
the global steering group for impact investment,gsg,0,100,-,100,50,0,100,-,100,50
The Hague Academy for Local Governance,tha,14,100,0,100,54,14,100,0,100,54
The HALO Trust,halo,29,57,0,57,36,29,57,0,57,36
The Hunger Project Netherlands,thp_org,100,100,100,100,100,100,100,100,100,100
The Institute for Strategic Dialogue,isdglobal,-,-,-,-,0,-,-,-,-,0
The International Children's Trust,theict,0,100,0,100,50,0,100,0,100,50
The International Institute for Strategic Studies,iiss,0,100,0,100,50,0,100,0,100,50
The International Institute for Sustainable Development,iisd,100,0,100,100,75,100,0,100,100,75
The International Rescue Committee,irc_inc,74,82,89,94,85,74,82,89,94,85
The Legal Aid Forum,laf,0,50,-,100,38,0,50,-,100,38
The Leprosy Mission England and Wales,tlmew,0,100,100,100,75,0,100,100,100,75
The Leprosy Mission Nepal,tlmnepal,0,100,67,100,67,0,100,67,100,67
The Mailman School of Public Health,mailman_school_of_public_health,0,0,0,100,25,0,0,0,100,25
The MENTOR Initiative,the_mentor_initiative,0,100,100,100,75,0,100,100,100,75
The National Association of Municipalities of Benin (ANCB),ancb_benin,100,100,100,100,100,100,100,100,100,100
The OPEC Fund for International Development (OFID),ofid,0,-,-,0,0,0,-,-,0,0
The Open University,open_university,0,100,90,100,72,0,100,90,100,72
"The Population Council, Inc.",populationcouncil,33,67,100,67,67,33,67,100,67,67
The Power of Nutrition,the_power_of_nutrition,0,62,33,100,49,0,62,33,100,49
The Princess Alia Foundation,paf_2018,-,-,-,-,0,-,-,-,-,0
The Proforest Initiative UK,pi-uk,-,-,-,-,0,-,-,-,-,0
The Queen Elizabeth Diamond Jubilee Trust,qedjt,0,0,100,100,50,0,0,100,100,50
The Salvation Army International Development UK,said-uk,100,0,100,100,75,100,0,100,100,75
The Samdhana Institute,samdhana_institute,0,0,-,100,25,0,0,-,100,25
The Uganda Association of Women Lawyers ( FIDA Uganda),fidauganda,0,0,100,100,50,0,0,100,100,50
The United Nations Relief and Works Agency for Palestine Refugees in the Near East (UNRWA),unrwa,97,100,-,100,74,97,100,-,100,74
"The University of Dodoma (UDOM), Tanzania",udom,-,-,-,-,0,-,-,-,-,0
The University of Manchester,uom,33,100,100,100,83,33,100,100,100,83
The University of Oxford,oxford,25,100,25,100,62,25,100,25,100,62
The University of Sheffield,tuos,0,100,0,100,50,0,100,0,100,50
"The University of the West of England, Bristol",uwe,-,-,-,-,0,-,-,-,-,0
The William and Flora Hewlett Foundation,hewlett-foundation,100,99,100,0,75,100,99,100,0,75
The World Bank,worldbank,95,100,-,95,72,95,100,-,95,72
Theatre for a Change Malawi,tfacmalawi,-,-,-,-,0,-,-,-,-,0
Theatre for a Change UK,tfac,-,-,-,-,0,-,-,-,-,0
Third World Network Africa,twnafrica,100,100,100,100,100,100,100,100,100,100
Thomson Reuters Foundation,trf,0,0,0,100,25,0,0,0,100,25
Timber Trade Federation Ltd.,ttf,-,-,-,-,0,-,-,-,-,0
Timidria,timidria,0,100,0,100,50,0,100,0,100,50
TradeMark East Africa,tmea,0,100,-,100,50,0,100,-,100,50
TRAFFIC International,traffic,-,-,-,-,0,-,-,-,-,0
Traidcraft Exchange,traidcraft,-,-,-,-,0,-,-,-,-,0
TRAIDE Foundation,traide_foundation,100,0,100,100,75,100,0,100,100,75
Transform Africa,transafrica19,0,100,0,100,50,0,100,0,100,50
transforma,transforma,0,0,-,100,25,0,0,-,100,25
Transition International,ti_nl,100,100,0,100,75,100,100,0,100,75
Transnational Institute,tni,0,0,-,100,25,0,0,-,100,25
Transparency International Bangladesh,tib,-,-,-,-,0,-,-,-,-,0
Transparency International Kenya,ti_kenya,-,-,-,-,0,-,-,-,-,0
Transparency International Secretariat,transparency-international,0,0,-,92,23,0,0,-,92,23
Transparency International UK,ti-uk,0,100,0,100,50,0,100,0,100,50
Transparently Lebanese,transparently_lebanese,0,-,-,100,25,0,-,-,100,25
TREE AID,treea,0,100,50,67,54,0,100,50,67,54
Triangle Génération Humanitaire,tgh,-,-,-,-,0,-,-,-,-,0
Trianglen,trianglen,0,100,100,100,75,0,100,100,100,75
Trias,trias,-,-,-,-,0,-,-,-,-,0
Triggerise Ethiopia,trig,0,0,100,100,50,0,0,100,100,50
Triple Line,tripleline_crownagents,0,-,100,0,25,0,-,100,0,25
Trocaire,trocaire,100,100,0,100,75,100,100,0,100,75
Trocaire (Northern Ireland),troc,0,0,-,100,25,0,0,-,100,25
Tropenbos International,tbi,50,100,92,100,86,50,100,92,100,86
Tropical Health and Education Trust,tropicalhealth,0,100,100,100,75,0,100,100,100,75
Trust for Africa's Orphans,tao-03473165,-,-,-,-,0,-,-,-,-,0
Trust for Indigenous Culture and Health,ticah,0,0,-,0,0,0,0,-,0,0
TrustAfrica,trustafrica,100,100,94,100,98,100,100,94,100,98
Twaweza,twaweza,0,100,-,0,25,0,100,-,100,50
Twin,twin-iati,-,-,-,100,25,-,-,-,100,25
Twynstra Gudde,twynstragudde,100,0,100,100,75,100,0,100,100,75
Uganda Martyrs University,umu,-,-,-,-,0,-,-,-,-,0
UHAI EASHRI,uhai-eashri,100,75,100,88,91,100,75,100,88,91
"UK - Department for Business, Energy and Industrial Strategy (BEIS)",beis,100,92,100,77,92,100,92,100,77,92
"UK - Department for Digital, Culture, Media and Sport",dcms,100,100,100,100,100,100,100,100,100,100
"UK - Department for Environment, Food and Rural Affairs",defra_transparency,53,76,100,94,81,53,76,100,94,81
UK - Department for Work and Pensions,dwp,33,0,-,100,33,33,0,-,100,33
UK - Department of Health and Social Care (DHSC),dhsc,57,100,100,100,89,57,100,100,100,89
"UK - Foreign, Commonwealth and Development Office",fcdo,68,89,100,99,89,68,89,100,99,89
UK - Home Office,homeoffice,-,-,-,-,0,-,-,-,-,0
UK - Medical Research Council,mrc,100,100,100,0,75,100,100,100,0,75
UK - Ministry of Defence,ukmod,100,100,100,100,100,100,100,100,100,100
UK - Scottish Government,scottish_government,-,-,-,-,0,-,-,-,-,0
UK – Department for Education,dfe,0,0,100,100,50,0,0,100,100,50
UK-Med,uk-med,0,100,50,100,62,0,100,50,100,62
ULB-Coopération,ulbcoop,-,-,-,-,0,-,-,-,-,0
UN Global Compact Local Network UK,ungc-uk,0,0,0,100,25,0,0,0,100,25
UN Pooled Funds,unpf,0,100,-,100,50,0,100,-,100,50
UN Women,unw,100,93,0,100,73,100,93,0,100,73
UN-Habitat,unhabitat,0,0,-,100,25,0,0,-,100,25
Unicef Belgium National Committee,ub,100,100,-,100,75,100,100,-,100,75
UNICEF Netherlands National Committee,unicefnl,100,50,0,100,62,100,50,0,100,62
Unie van Waterschappen,uvw,5,100,0,100,51,5,100,0,100,51
Unilever,ul,0,100,100,0,50,0,100,100,0,50
Union des Villes et Communes de Wallonie (UVCW),uvcw,-,-,-,-,0,-,-,-,-,0
Union of Agricultural Work Committees,uawc,-,-,-,-,0,-,-,-,-,0
UNITAID,utd,96,100,-,91,72,96,100,-,91,72
United Disabled Persons of Kenya,udpk,-,-,-,-,0,-,-,-,-,0
United Mission to Nepal,umn,-,-,-,-,0,-,-,-,-,0
United Nations Capital Development Fund,uncdf,0,100,-,40,35,0,100,-,40,35
United Nations Central Emergency Response Fund (CERF),cerf,1,100,100,100,75,1,100,100,100,75
United Nations Children's Fund (UNICEF),unicef,100,100,100,100,100,100,100,100,100,100
United Nations Development Coordination Office,undco,100,100,0,100,75,100,100,0,100,75
United Nations Development Programme (UNDP),undp,100,98,14,100,78,100,98,14,100,78
"United Nations Educational, Scientific and Cultural Organization (UNESCO)",unesco,100,100,-,100,75,100,100,-,100,75
United Nations Environment Programme (UNEP),un-environment,0,100,-,100,50,0,100,-,100,50
United Nations Foundation,unf,0,100,0,67,42,0,100,0,67,42
United Nations High Commissioner for Refugees (UNHCR),unhcr,100,100,0,100,75,100,100,0,100,75
United Nations Industrial Development Organization (UNIDO),unido,0,100,0,100,50,0,100,0,100,50
United Nations Joint Programme on HIV and AIDS Secretariat (UNAIDS),unaids,-,-,-,-,0,-,-,-,-,0
United Nations Office for Project Services (UNOPS),unops,99,100,-,100,75,99,100,-,100,75
United Nations Office for the Coordination of Humanitarian Affairs (OCHA),unocha,100,100,100,100,100,100,100,100,100,100
United Nations Office for the Coordination of Humanitarian Affairs (Specially-Designated Contributions),unocha-sdc,100,100,100,100,100,100,100,100,100,100
United Nations Population Fund,unfpa,100,-,100,100,75,100,-,100,100,75
United Nations World Food Programme (WFP),wfp,100,100,100,100,100,100,100,100,100,100
United Purpose,cu,0,100,0,100,50,0,100,0,100,50
United States,unitedstates,91,96,100,75,90,91,96,100,75,90
United States Agency for International Development (USAID),usaid,96,92,100,0,72,96,92,100,0,72
United Work,united_work,-,-,-,-,0,-,-,-,-,0
Universidad de los Andes,uand_2020,-,-,-,-,0,-,-,-,-,0
Universitair Centrum voor Ontwikkelingssamenwerking,ucos,100,100,-,100,75,100,100,-,100,75
Universiteit Leiden,universiteit_leiden,100,50,50,100,75,100,50,50,100,75
Universiti Malaya,rmc_um,-,-,-,-,0,-,-,-,-,0
University College London,ucl,-,-,-,-,0,-,-,-,-,0
University of Amsterdam,uva_org,0,0,-,100,25,0,0,-,100,25
University of Birmingham,universityofbirmingham,25,50,-,75,38,25,50,-,75,38
University of Cape Town,uct,-,-,-,-,0,-,-,-,-,0
University of Central Lancashire,uclan,0,0,-,100,25,0,0,-,100,25
University of Dar es Salaam,udsm-cbs,-,-,-,-,0,-,-,-,-,0
University of Dundee,uodcepmlp,0,0,-,50,12,0,0,-,50,12
University of Edinburgh,uoe,0,100,0,0,25,0,100,0,0,25
University of Kinshasa,dspd_unikin,0,0,-,0,0,0,0,-,0,0
University of Leeds,leedsuni,0,100,100,100,75,0,100,100,100,75
University Of Liverpool,uol,0,50,0,100,38,0,50,0,100,38
University of Nottingham,uni_of_nottingham,-,-,-,-,0,-,-,-,-,0
University of York,uoy,-,-,-,-,0,-,-,-,-,0
University Of Zimbabwe,1-uz,-,-,-,-,0,-,-,-,-,0
University Putra Malaysia,upm,-,-,-,-,0,-,-,-,-,0
University Twente,utwente,-,-,-,-,0,-,-,-,-,0
Upper Quartile,uq,100,100,-,100,75,100,100,-,100,75
Urgent Action Fund for Women's Human Rights,uaf,25,25,100,100,62,25,25,100,100,62
Urgent Action Fund Latin America and the Caribbean,uafla,-,-,-,-,0,-,-,-,-,0
Urgent Action Fund-Africa,uaf-africa,25,100,100,100,81,25,100,100,100,81
UTZ,utz,-,-,-,-,0,-,-,-,-,0
UWEZO Youth Empowerment,uwezo_youth_empowerment,0,50,0,100,38,0,50,0,100,38
Varkey Foundation,varkeyfoundation,0,51,56,0,27,0,51,56,0,27
VEI (Vitens-Evides International),vei_nl,50,100,75,100,81,50,100,75,100,81
VETERINAIRES SANS FRONTIERES / DIERENARTSEN ZONDER GRENZEN - BELGIUM,vsfbelgium,-,-,-,-,0,-,-,-,-,0
VIA Don Bosco,via-db,-,-,-,-,0,-,-,-,-,0
Village Enterprise,villageenterprise,-,-,-,-,0,-,-,-,-,0
Village Water Ltd,villagewater,0,100,100,0,50,0,100,100,0,50
Vision Aid Overseas,vao,100,0,-,100,50,100,0,-,100,50
Vision for a Nation Foundation,vfan,0,0,100,100,50,0,0,100,100,50
VisionFund International,vfi,-,-,-,-,0,-,-,-,-,0
Viva,viva,0,100,0,100,50,0,100,0,100,50
Viva Salud,g3w-m3m_admin,-,-,-,-,0,-,-,-,-,0
Vlaamse Interuniversitaire Raad voor Universitaire Ontwikkelingssamenwerking (VLIR-UOS),vlir-uos,-,-,-,-,0,-,-,-,-,0
VNG International,vngi,91,-,-,100,48,91,-,-,100,48
Voluntary Health Association of India,vhai-org,-,-,-,-,0,-,-,-,-,0
Voluntary Service Overseas (VSO),vso,50,100,75,83,77,50,100,75,83,77
VVOB Education for Development,vvob,-,-,-,-,0,-,-,-,-,0
VVSG - Vereniging van Vlaamse Steden en Gemeenten,vvsg,100,100,-,100,75,100,100,-,100,75
Wageningen University & Research - Stichting Wageningen Research,wageningen_ur,100,100,67,33,75,100,100,67,33,75
Wala Ltd,walaltd,0,0,100,100,50,0,0,100,100,50
War Child Canada,wcc,-,-,-,-,0,-,-,-,-,0
War Child Holland,warchildholland,27,0,-,27,14,27,0,-,27,14
War Child UK,wcuk,46,91,7,69,53,46,91,7,79,56
War on Want,waronwant,0,0,0,100,25,0,0,0,100,25
War on Want NI,wowni,-,-,-,-,0,-,-,-,-,0
WASH Alliance International,wai,-,-,-,-,0,-,-,-,-,0
WASTE advisers on urban environment and development,waste,100,100,100,100,100,100,100,100,100,100
WasteAid UK,wasteaid,0,67,-,67,34,0,67,-,67,34
Water & Land Resource Center - Addis Ababa University,wlrc_aau,0,100,100,100,75,0,100,100,100,75
Water & Sanitation for the Urban Poor (WSUP),wsup,0,100,100,100,75,0,100,100,100,75
Water Finance Facility,wff,100,100,100,100,100,100,100,100,100,100
Water for People,w4p,-,-,-,-,0,-,-,-,-,0
Water Integrity Network Association,win,0,50,-,100,38,0,50,-,100,38
Water Witness International,water-witness-international,0,100,17,17,34,0,100,17,17,34
Water Works,waterworks,-,-,-,-,0,-,-,-,-,0
WaterAid,wateraid,0,100,100,100,75,0,100,100,100,75
Wayamo Foundation,wayamo,100,100,100,100,100,100,100,100,100,100
We Effect,weeffect,100,100,0,100,75,100,100,0,100,75
We World - GVC Onlus,ww-gvc,-,-,-,-,0,-,-,-,-,0
Welbodi Partnership,welbodipartnership,-,-,-,-,0,-,-,-,-,0
Wellfound,wellfound,0,100,100,100,75,0,100,100,100,75
Welsh Centre for International Affairs,wcia,0,100,100,100,75,0,100,100,100,75
Welthungerhilfe,whh,0,0,-,100,25,0,0,-,100,25
Wemos Foundation,wemos,100,88,100,100,97,100,88,100,100,97
Wereldsolidariteit-Solidarité Mondiale (WSM),wsm,100,100,-,100,75,100,100,-,100,75
West Africa Network for Peacebuilding,wanep,100,100,100,100,100,100,100,100,100,100
Westminster Foundation for Democracy,wfd,0,0,-,33,8,0,0,-,33,8
Wetlands International,wi,-,-,-,-,0,-,-,-,-,0
Wildlife Conservation Society,wcs,100,100,0,100,75,100,100,0,100,75
WILPF,wilpf_22,-,-,-,-,0,-,-,-,-,0
Win Win Strategies,wws,100,0,100,100,75,100,0,100,100,75
Windle Trust Kenya,wtk,0,100,-,100,50,0,100,-,100,50
WNF Wereld Natuur Fonds,wnf,50,50,75,88,66,50,50,75,88,66
"WO=MEN, Dutch Gender Platform",wo-men,25,25,100,100,62,25,25,100,100,62
Wolayita Development Association,woda_0486,-,-,-,-,0,-,-,-,-,0
Womankind Worldwide,womankindworld,11,56,67,100,58,11,56,67,100,58
Women and Children First (UK),wcf,-,-,-,-,0,-,-,-,-,0
Women Challenged to Challenge,wctc,100,100,0,100,75,100,100,0,100,75
Women Engage for a Common Future,wecf,100,100,100,100,100,100,100,100,100,100
Women Environmental Programme,wep,9,64,0,91,41,9,64,0,91,41
Women for Women International (UK),wfwiuk,0,100,-,100,50,0,100,-,100,50
Women Peacemakers Program,wpp,100,100,100,100,100,100,100,100,100,100
Women's Action Group,wag-1983,0,100,-,100,50,0,100,-,100,50
Women's Environment & Development Organization,wedo,-,-,-,-,0,-,-,-,-,0
Women's Fund Asia,wf-asia,83,100,100,83,92,83,100,100,83,92
Women's Global Network on Reproductive Rights,wgnrr_iati,-,-,-,-,0,-,-,-,-,0
Women's International Peace Centre,wipc,100,100,100,100,100,100,100,100,100,100
Women's Refugee Commission,w_r_c,-,-,-,-,0,-,-,-,-,0
World Agroforestry Centre,icraf_,-,-,-,-,0,-,-,-,-,0
World Association for Christian Communication (UK),wacc-uk,-,-,-,-,0,-,-,-,-,0
World Bank Trust Funds,wbtf,100,-,-,99,50,100,-,-,99,50
World Benchmarking Alliance Foundation,wba,9,11,10,100,32,9,11,10,100,32
World Child Cancer UK,wccuk,67,100,17,100,71,67,100,17,100,71
World Economic Forum,worldeconomicforum,0,0,0,100,25,0,0,0,100,25
World Economic Forum Geneva,weforum_geneva,0,0,100,100,50,0,0,100,100,50
World Education Inc.,wei,100,100,100,100,100,100,100,100,100,100
World Federalist Movement - Institute for Global Policy,wfm-igp,0,100,0,100,50,0,100,0,100,50
World Health Organization (WHO),who,100,87,0,100,72,100,87,0,100,72
World Horse Welfare,whw2019,0,100,-,100,50,0,100,-,100,50
World Jewish Relief,wjr_001,0,100,0,100,50,0,100,0,100,50
World Resources Institute,wri,0,0,100,100,50,0,0,100,100,50
World University Service of Canada,wusc,0,100,0,0,25,0,100,0,0,25
World Vegetable Center,worldveg,100,100,17,100,79,100,100,17,100,79
World Vision Central African Republic,wv_cf,0,0,100,0,25,0,0,100,0,25
World Vision Democratic Republic of Congo,wv_cd,0,0,100,0,25,0,0,100,0,25
World Vision Ethiopia,wv_et_activities,0,0,100,0,25,0,0,100,0,25
World Vision Germany,wv_de,100,0,100,0,50,100,0,100,0,50
World Vision International,wvi,-,-,-,-,0,-,-,-,-,0
World Vision Netherlands,wvnld,100,100,89,100,97,100,100,89,100,97
World Vision UK,wvuk,11,72,100,42,56,11,72,100,53,59
World Vision Zimbabwe,wvz-gec,-,-,-,-,0,-,-,-,-,0
World Waternet,worldwaternet,0,100,0,100,50,0,100,0,100,50
World Wide Fund for Nature - Kenya,wwf-kenya,0,100,50,100,62,0,100,50,100,62
World Wide Fund for Nature - Pakistan,wwfpakistan,100,100,100,100,100,100,100,100,100,100
World Wide Fund for Nature Belgium (WWF-BE),wwf-be,-,-,-,-,0,-,-,-,-,0
World Wide Fund for Nature Denmark,wwfdk,0,14,100,100,54,0,14,100,100,54
World Wide Fund for Nature Zambia,wwfzambia,100,100,100,100,100,100,100,100,100,100
World Young Women's Christian Association,world_ywca,20,20,100,100,60,20,20,100,100,60
Worldwide Hospice Palliative Care Alliance,whpca,-,-,-,-,0,-,-,-,-,0
WSP USA Solutions Inc.,lbg,-,-,-,-,0,-,-,-,-,0
WWF Indonesia,wwf_id,100,100,100,100,100,100,100,100,100,100
WWF Paraguay,wwf-py,0,0,-,100,25,0,0,-,100,25
WWF Sweden,wwf-se,100,100,0,100,75,100,100,0,100,75
WWF TUNISIA,wwfna,100,100,100,100,100,100,100,100,100,100
WWF-BRASIL,wwfbr,100,100,100,100,100,100,100,100,100,100
WWF-UK,wwf-uk,0,100,100,96,74,0,100,100,96,74
WYG International B.V.,wygi,86,100,0,86,68,86,100,0,86,68
Y Care International,ycare,0,100,50,100,62,0,100,50,100,62
Yamaan Foundation for Health and Social Development,yffhsd,0,0,100,100,50,0,0,100,100,50
Yayasan PEKKA,pekka_21,100,100,100,100,100,100,100,100,100,100
YMCA of Liberia,libymca,0,100,100,0,50,0,100,100,0,50
Young Africa International HUB,yai-hub,0,0,0,100,25,0,0,0,100,25
Young Innovations Pvt. Ltd,yipl,67,50,0,100,54,67,50,0,100,54
Young Women Christian Association of South Sudan (YWCA SS),ywcass,100,0,100,100,75,100,0,100,100,75
Young Women's Christian Association of Kenya,ywcakenya,100,0,100,100,75,100,0,100,100,75
Youth Business International,ybi,100,100,0,100,75,100,100,0,100,75
Youth Development Labs Inc,ylabs,0,100,0,100,50,0,100,0,100,50
Youth Net and Counselling - YONECO,yoneco1997,0,0,0,100,25,0,0,0,100,25
YWCA of Bangladesh,ywcabd,-,-,-,-,0,-,-,-,-,0
YWCA Palestine,ywca,100,0,0,100,50,100,0,0,100,50
Zambia Orphans Aid UK,zoa_uk,-,-,-,-,0,-,-,-,-,0
Zimbabwe Educational Trust,zet,-,-,-,-,0,-,-,-,-,0
Zimmerman Zimmerman,zimmzimm,-,-,-,-,0,-,-,-,-,0
Zing,zing,0,100,100,0,50,0,100,100,0,50
ZOA,zoa,75,98,94,95,90,75,98,94,95,90
Zoological Society of London,zsl,0,100,0,100,50,0,100,0,100,50
