Publisher Name,Publisher Registry Id,Current activities at the start of each year (2022),Current activities at the start of each year (2023),Current activities at the start of each year (2024),Current activities with budgets for each year (2022),Current activities with budgets for each year (2023),Current activities with budgets for each year (2024),Percentage of current activities with budgets (2022),Percentage of current activities with budgets (2023),Percentage of current activities with budgets (2024)
50 Eight Limited,fifty_eight,1,1,1,1,0,0,100,0,0
7iber Media Consulting,7iberdotcom,1,1,0,1,1,0,100,100,-
Aapasi Sahayog Kendra Syangja Nepal (ASK Nepal),ask,2,2,2,0,0,0,0,0,0
Aasaman Nepal,aasaman,0,0,0,0,0,0,-,-,-
ABAAD - Resource Center for Gender Equality,arcfge,2,2,2,0,0,0,0,0,0
Abaseen Foundation UK,abaseen,0,0,0,0,0,0,-,-,-
Abdul Latif Jameel Poverty Action Lab at MIT,jpal,1,1,1,1,1,0,100,100,0
Able Child Africa,ablechildafrica,0,0,0,0,0,0,-,-,-
Abt Associates Inc,abt,2,2,2,0,0,0,0,0,0
Abt Britain Limited,abtbritain,3,3,1,3,3,1,100,100,100
Academy for Health Development (AHEAD),ahead,1,1,1,0,0,0,0,0,0
Académie de recherche et d'enseignement supérieur,ares,0,0,0,0,0,0,-,-,-
Accelerator Nepal,acceleratornepal,1,1,1,0,0,0,0,0,0
Access to Medicine Foundation,atmf,0,0,0,0,0,0,-,-,-
Access to Seeds Foundation,atsf,0,0,0,0,0,0,-,-,-
Accountability Lab,alab,1,1,1,0,0,0,0,0,0
Accountable Now,accountablenow,0,0,0,0,0,0,-,-,-
Acid Survivors Foundation,_admin,1,1,1,0,0,0,0,0,0
ACODEV,acodev,0,0,0,0,0,0,-,-,-
Across,across,0,0,0,0,0,0,-,-,-
ACT Alliance,act_alliance,2,2,2,0,0,0,0,0,0
act4africa,act4africa,0,0,0,0,0,0,-,-,-
ACTED,acted,4,4,4,0,0,0,0,0,0
ACTION AGAINST HUNGER SPAIN,acfspain,2,2,2,0,0,0,0,0,0
Action Against Hunger UK,acf,8,8,5,4,1,1,50,12,20
Action Against Hunger USA,aahusa,1,1,1,0,0,0,0,0,0
Action Canada for Sexual Health and Rights,acfshr,1,1,1,1,1,1,100,100,100
Action Contre la Faim,acf-fr,0,0,0,0,0,0,-,-,-
ActionAid Bangladesh,aab,0,0,0,0,0,0,-,-,-
ActionAid Denmark (Mellemfolkeligt Samvirke),aadk,1,1,1,0,0,0,0,0,0
ActionAid Ghana,aag,0,0,0,0,0,0,-,-,-
ActionAid International,aai,0,0,0,0,0,0,-,-,-
ACTIONAID INTERNATIONAL KENYA,aaik,2,2,1,1,0,0,50,0,0
ActionAid International Nepal,aain,1,1,1,0,0,0,0,0,0
ActionAid Rwanda,aar,0,0,0,0,0,0,-,-,-
ActionAid UK,aauk,11,11,4,10,5,1,91,45,25
Acumen,acumen,2,2,1,2,1,0,100,50,0
Adam Smith International,asi,2,2,2,1,1,1,50,50,50
Adaptation Fund,af,28,28,28,0,0,0,0,0,0
ADD International (Action on Disability and Development),addinternational,2,2,1,2,0,0,100,0,0
Administração de Infra-Estruturas de Águas e Saneamento,aias,1,1,1,1,1,1,100,100,100
ADRA Denmark,adra-dk,5,5,5,3,0,0,60,0,0
ADRA-UK,adrauk,1,1,1,0,0,0,0,0,0
ADS-Nyanza,ads-nyanza,0,0,0,0,0,0,-,-,-
Advance Consulting,ac1999,1,1,0,1,1,0,100,100,-
Adventist Development and Relief Agency (ADRA Somalia),adrasom,0,0,0,0,0,0,-,-,-
"Adventist Development and Relief Agency, Nepal",adra_nepal,0,0,0,0,0,0,-,-,-
AECOM,aecom,42,42,41,1,0,0,2,0,0
Aeras,aeras,1,1,1,0,0,0,0,0,0
AFELT,afelt,0,0,0,0,0,0,-,-,-
AFEW International,afewinternational,0,0,0,0,0,0,-,-,-
Afghanaid,afghanaid,3,3,3,0,0,0,0,0,0
Afghanistan and Central Asian Association,acaa,0,0,0,0,0,0,-,-,-
Afghanistan Public Policy Research Organization (APPRO),appro-af,0,0,0,0,0,0,-,-,-
Africa Educational Trust,aet,2,2,2,0,0,0,0,0,0
Africa Philanthropy Network,apn,1,1,1,0,0,0,0,0,0
Africalia,africalia,0,0,0,0,0,0,-,-,-
African Academy of Sciences,aas,0,0,0,0,0,0,-,-,-
African Center for Economic Transformation (ACET),acet,17,17,16,0,0,0,0,0,0
African Centre for Global Health and Social Transformation,achest,0,0,0,0,0,0,-,-,-
African Development Bank,afdb,829,829,565,571,476,258,69,57,46
African Initiatives,ai_1064413,1,1,1,0,0,0,0,0,0
African Institute For Development Policy,afidep,0,0,0,0,0,0,-,-,-
African Parks Network,african_parks,11,11,11,0,0,0,0,0,0
African Population and Health Research Center,aphrc,1,1,1,0,0,0,0,0,0
African Revival,africanrevival,1,1,1,0,0,0,0,0,0
African Security Sector Network,assn,1,1,1,1,1,1,100,100,100
African Tax Administration Forum,ataf,1,1,1,0,0,0,0,0,0
African Women's Development and Communication Network,femnet,21,21,21,21,20,20,100,95,95
African Women's Development Fund,awdf,5,5,5,5,1,1,100,20,20
Afrikagrupperna Sweden,afrikagrupperna,0,0,0,0,0,0,-,-,-
AfriKids,afrikids,1,1,1,0,0,0,0,0,0
Aga Khan Foundation (United Kingdom),akfuk73,2,2,2,0,0,0,0,0,0
Aga Khan Foundation Afghanistan,akf_afghanistan,1,1,1,0,0,0,0,0,0
AgDevCo,agdevco,35,35,35,0,0,0,0,0,0
Agence Française de Développement,afd,1422,1422,862,1422,1175,618,100,83,72
Agence Nationale d'Approvisionnement en Eau Potable en Milieu Rural du Benin,anaepmr_benin,0,0,0,0,0,0,-,-,-
Agency for Cooperation and Research in Development (ACORD),acord,3,3,3,0,0,0,0,0,0
AgResults Initiative,agresults,5,5,5,1,1,1,20,20,20
Agroicone,agroicone,0,0,0,0,0,0,-,-,-
Agulhas Applied Knowledge,aak,1,1,0,1,0,0,100,0,-
Agência de Desenvolvimento do Vale do Zambeze,agencia_do_zambeze,1,1,1,0,0,0,0,0,0
AICS - Agenzia Italiana per la Cooperazione allo Sviluppo / Italian Agency for Cooperation and Development,aics,197,197,94,0,78,15,0,40,16
AidData,aiddata,9495,9495,9495,0,0,0,0,0,0
Aidsfonds - Soa Aids Nederland,nl-kvk-41207989,22,22,19,5,0,0,23,0,0
AIDSPAN,aidspan,7,7,7,0,0,0,0,0,0
Ajuda de Desenvolvimento de Povo para Povo (ADPP),adpp,1,1,1,0,0,0,0,0,0
Akili Dada,ad,6,6,6,5,5,5,83,83,83
Akina Mama wa Afrika,amwa,10,10,10,10,3,3,100,30,30
Aktis Strategy Ltd,aktis,2,2,2,0,0,0,0,0,0
Akvo Foundation,akvo,0,0,0,0,0,0,-,-,-
Al Majmoua,al_majmoua,1,1,1,0,0,0,0,0,0
Alcis Holdings Limited,alcis,0,0,0,0,0,0,-,-,-
Alfalit,alfalit,1,1,1,0,0,0,0,0,0
Alinea International Ltd.,alineainternational_2020,2,2,1,0,0,0,0,0,0
All We Can (formerly Methodist Relief and Development Fund),allwecan,0,0,0,0,0,0,-,-,-
Allergy and Asthma Institute Pakistan,aaip,3,3,3,0,0,0,0,0,0
Alliance for a Green Revolution for Africa,agra,1,1,1,1,1,0,100,100,0
"Alliance for Global Water Adaptation, Inc",agwa,0,0,0,0,0,0,-,-,-
Alliance of Religions and Conservation,alliance_of_religions_and_conservation,1,1,1,0,0,0,0,0,0
Altai Consulting,altai,1,1,0,0,0,0,0,0,-
American Friends Service Committee,afsc,0,0,0,0,0,0,-,-,-
Amnesty International The Netherlands,amnesty,10,10,10,10,10,10,100,100,100
Amnesty International UK Section Charitable Trust,aiuk,1,1,1,0,0,0,0,0,0
Amref Flying Doctors,amrefnl,6,6,2,6,2,0,100,33,0
Amref Health Africa - UK,amrefha,3,3,3,0,0,0,0,0,0
Amref Health Africa Headquarters,amrefhq,2,2,2,0,0,0,0,0,0
Amref Health Africa in Ethiopia,amrefeth,2,2,2,0,0,0,0,0,0
Amref Health Africa in Kenya,amrefkenya,2,2,2,0,0,0,0,0,0
Amref health Africa in Senegal,awa_sn,1,1,1,0,0,0,0,0,0
Amref Health Africa in Tanzania,amreftz,2,2,2,0,0,0,0,0,0
Amref Health Africa in Uganda,amrefug,1,1,1,0,0,0,0,0,0
Amref Health Africa Malawi,amrefmw,0,0,0,0,0,0,-,-,-
Ananda Marga Universal Relief Team (AMURT) Africa,amurt_kenya,1,1,0,0,0,0,0,0,-
ANDA,anda,1,1,1,0,0,0,0,0,0
Anti-Slavery International,asil,1,1,1,0,0,0,0,0,0
APPRO-Europe,appro-eu,0,0,0,0,0,0,-,-,-
APT Action on Poverty,apt,1,1,0,1,1,0,100,100,-
Aqua for All,aqua4all,17,17,6,0,0,0,0,0,0
Arab foundation for freedoms and equality,afemena,0,0,0,0,0,0,-,-,-
Arab Reporters for Investigative Journalism,arij,1,1,0,1,1,0,100,100,-
Arab Women Organization of Jordan,awo2022,1,1,1,1,1,1,100,100,100
ARK (Absolute Return for Kids),ark,1,1,1,0,0,0,0,0,0
Article19,art19,1,1,0,1,1,0,100,100,-
Ashoka East Africa,ashoka,0,0,0,0,0,0,-,-,-
Asia Justice and Rights,ajar,0,0,0,0,0,0,-,-,-
Asian Coalition for Housing Rights,achr,1,1,1,0,0,0,0,0,0
Asian Development Bank,asdb,634,634,446,634,627,426,100,99,96
Asociación Movimiento Feminista Por La Paz Ruta Pacífica de las Mujeres,rpm,1,1,1,1,1,1,100,100,100
Asociación Profamilia,profamilia,1,1,1,1,0,0,100,0,0
Assistance Mission for Africa,ama-south-sudan,1,1,1,1,1,1,100,100,100
Association Centrafricaine de Traduction de la Bible et Alphabetisation,acatba,0,0,0,0,0,0,-,-,-
Association CHS Alliance,chs_alliance,3,3,2,1,1,0,33,33,0
"Association de solidarité internationale, Agriculteurs français et développement international (Afdi) France",afdi-fr,0,0,0,0,0,0,-,-,-
Association de Soutien au Développement des Activités de Population,asdap,0,0,0,0,0,0,-,-,-
Association des Editeurs du Magazine Jimbere,j2022,1,1,1,1,0,0,100,0,0
Association for Cultural Technical and Educational Cooperation (ACTEC),actec,0,0,0,0,0,0,-,-,-
"Association for Prevention of Septic Abortion, Bangladesh (BAPSA)",bapsa,0,0,0,0,0,0,-,-,-
Association for Progressive Communication,apc,5,5,5,5,5,5,100,100,100
Association for Reproductive and Family Health,arfh,0,0,0,0,0,0,-,-,-
Association for Women's Rights in Development (AWID),awid,3,3,3,3,3,3,100,100,100
Association of Commonwealth Universities,acu,0,0,0,0,0,0,-,-,-
Association pour la Promotion de l'Education et de la Formation à l'Etranger,apefe,0,0,0,0,0,0,-,-,-
Atos IT Services Ltd,atosuk,3,3,3,0,0,0,0,0,0
Atradius Dutch State Business,adsb,88,88,88,0,0,0,0,0,0
Auschwitz Institute for the Prevention of Genocide and Mass Atrocities,aipr,6,6,6,0,0,0,0,0,0
Australia - Department of  Foreign Affairs and Trade,ausgov,969,969,560,0,0,0,0,0,0
Auto-Développement Afrique (ADA),ada,0,0,0,0,0,0,-,-,-
Autre Terre asbl,a-t,0,0,0,0,0,0,-,-,-
AUXFIN Burundi,auxfinbi,0,0,0,0,0,0,-,-,-
Avanti Communications Plc,ava_admin,1,1,1,0,0,0,0,0,0
Avocats Sans Frontières,asf,1,1,1,1,1,1,100,100,100
AVSI FOUNDATION IN UGANDA,avsi_uganda,1,1,1,0,0,0,0,0,0
AVSI South Sudan,avsi-ssd,1,1,1,1,0,0,100,0,0
AVT-L Association of Victims of Terrorism Lebanon,avt-l,0,0,0,0,0,0,-,-,-
AWEPA,awepa,0,0,0,0,0,0,-,-,-
Babawatoto Centre For Children and Youth,bawacecy-tz,2,2,2,0,0,0,0,0,0
Backward Society Education (BASE),base_22,16,16,16,0,0,0,0,0,0
Balloon Ventures Foundation,bvf,1,1,1,0,0,0,0,0,0
Bangladesh Business and Disability Network,bbdn,1,1,1,0,0,0,0,0,0
Bangladesh Nari Progati Sangha,bnps,0,0,0,0,0,0,-,-,-
Bangladesh Primary Care Respiratory Society,bpcrs,0,0,0,0,0,0,-,-,-
Bangladesh Youth Leadership Center,bylc,1,1,1,0,0,0,0,0,0
BANQUE OUEST AFRICAINE DE DEVELOPPEMENT,boadiita,9,9,4,9,9,4,100,100,100
BasicNeeds,basicneeds,5,5,5,0,0,0,0,0,0
Baylor College of Medicine Children's Foundation Malawi,bcm-cf,0,0,0,0,0,0,-,-,-
BBC Media Action,bbcmediaaction,3,3,1,1,1,0,33,33,0
BDO LLP,bdo,1,1,1,0,0,0,0,0,0
Bees Abroad UK,bauk,0,0,0,0,0,0,-,-,-
Bees for Development Trust,beesfordevelopment,0,0,0,0,0,0,-,-,-
Behavioural Insights Team,bit,0,0,0,0,0,0,-,-,-
Belgian development agency (Enabel),enabel,247,247,145,0,0,0,0,0,0
Belgian Development Cooperation,be-dgd,435,435,315,242,255,151,56,59,48
Benelux Afro Center,bac,0,0,0,0,0,0,-,-,-
Berytech Foundation,berytech,0,0,0,0,0,0,-,-,-
Beweging voor Internationale Solidariteit - Mouvement pour la Solidarité Internationale,bismsi,0,0,0,0,0,0,-,-,-
Bibliothèques Sans Frontières,bsf1,2,2,0,0,0,0,0,0,-
Bill & Melinda Gates Foundation,bmgf,1095,1095,317,1095,1095,0,100,100,0
Bioclimate Research and Development,bioclimate,0,0,0,0,0,0,-,-,-
Blue Ventures Conservation,blueventures,0,0,0,0,0,0,-,-,-
Bond,bond,0,0,0,0,0,0,-,-,-
BoP Innovation Center,bopinc,2,2,2,0,0,0,0,0,0
BOS+ tropen,bos_plus_tropen,0,0,0,0,0,0,-,-,-
Boston University,bu-carbx-admin,3,3,3,0,0,0,0,0,0
Both ENDS,bothends,3,3,3,3,0,0,100,0,0
BRAC,brac_admin2,0,0,0,0,0,0,-,-,-
BRAC International,bracintl,0,0,0,0,0,0,-,-,-
BRAC UK,bracuk,1,1,0,0,0,0,0,0,-
BRAC University,bu,3,3,3,0,0,0,0,0,0
Brigham and Women's Hospital,bwh,0,0,0,0,0,0,-,-,-
British & Irish Agencies Afghanistan Group,baag,0,0,0,0,0,0,-,-,-
British Asian Trust,b_a_t,0,0,0,0,0,0,-,-,-
British Council,britishcouncil,26,26,11,26,11,3,100,42,27
British Red Cross,gb-chc-220949,28,28,20,1,1,0,4,4,0
Broederlijk Delen,bd,0,0,0,0,0,0,-,-,-
Brujula Comunicaciones Estrategicas SAS,brujula,0,0,0,0,0,0,-,-,-
Brulocalis,brulocalis,0,0,0,0,0,0,-,-,-
BSR,bsr_admin,5,5,5,0,0,0,0,0,0
Bucks Community NGO,bucksfarm,1,1,1,0,0,0,0,0,0
Build Africa,buildafrica,1,1,1,0,0,0,0,0,0
Burns Violence Survivors - Nepal,bvs-nepal,1,1,1,0,0,0,0,0,0
Burundi Leadership Training Programme,bltp,0,0,0,0,0,0,-,-,-
Business in the Community,bitc,1,1,1,0,0,0,0,0,0
Business Watch Indonesia,bwi,2,2,2,2,2,2,100,100,100
C40 Cities Climate Leadership Group,c40cities,1,1,1,0,0,0,0,0,0
CABI,cabi,4,4,3,0,0,0,0,0,0
Camfed International,camfed,0,0,0,0,0,0,-,-,-
Canada - Global Affairs Canada | Affaires mondiales Canada,gac-amc,578,578,294,362,226,130,63,39,44
Canada - International Development Research Centre/Centre de recherches pour le développement international,idrccrdi,410,410,167,0,0,0,0,0,0
Canada Department of Finance / Ministère des Finances Canada,finance_canada,0,0,0,0,0,0,-,-,-
CANADEM,canadem,0,0,0,0,0,0,-,-,-
Canon Collins Trust,canoncollinstrust,0,0,0,0,0,0,-,-,-
CAPABUILD,capabui,0,0,0,0,0,0,-,-,-
Carbon Trust (Beijing) Consulting Limited,ctbeijing,0,0,0,0,0,0,-,-,-
Carbon Trust Advisory Ltd,carbontrustadvisory,0,0,0,0,0,0,-,-,-
Cardno Emerging Markets,cardnoem,1,1,0,0,0,0,0,0,-
CARE BENIN/TOGO,carebenintogo,1,1,1,0,0,0,0,0,0
CARE Danmark Fonden for Frivillig Ulandsbistand,12921047,2,2,2,1,0,0,50,0,0
CARE International Afghanistan,ciafg,0,0,0,0,0,0,-,-,-
CARE international foundation Switzerland in Sudan,cis,0,0,0,0,0,0,-,-,-
CARE International in Zimbabwe,ciz,0,0,0,0,0,0,-,-,-
CARE International UK,ciuk,13,13,10,2,0,0,15,0,0
CARE Nederland,carenederland,12,12,8,1,1,1,8,8,12
CARE Nepal,cnepal,0,0,0,0,0,0,-,-,-
CARE SOMALIA,csom1,3,3,3,0,0,0,0,0,0
Carers Worldwide,cww,0,0,0,0,0,0,-,-,-
Caribbean Development Bank (CDB),caribank,10,10,7,1,1,1,10,10,14
Caritas Denmark,caritas_denmark,2,2,2,0,0,0,0,0,0
Caritas Finland,caritasfin,1,1,1,0,0,0,0,0,0
Caritas International (Belgium),cibe,0,0,0,0,0,0,-,-,-
Caritas Serbia,caritas_serbia,0,0,0,0,0,0,-,-,-
CARPO - Center for Applied Research in Partnership with the Orient,carpo,0,0,0,0,0,0,-,-,-
Catholic Agency For Overseas Development (CAFOD),cafod,142,142,42,50,0,0,35,0,0
Catholic Relief Services,crs,0,0,0,0,0,0,-,-,-
CDA Collaborative Learning Projects,cda,4,4,4,0,0,0,0,0,0
CDAC Network,cdacnetwork,0,0,0,0,0,0,-,-,-
CDC Group plc,cdc,169,169,169,0,0,0,0,0,0
CDP Worldwide,cdp,5,5,4,1,0,0,20,0,0
Cecily's Fund,cecily,1,1,1,0,0,0,0,0,0
Center for Church-Based Development,cku,17,17,3,17,3,0,100,18,0
Center for Civilians in Conflict,civic_admin,1,1,1,0,0,0,0,0,0
Center for Development and Integration,cdi_vn_2021,0,0,0,0,0,0,-,-,-
Center for International Legal Cooperation (CILC),cilc,1,1,0,0,0,0,0,0,-
Center for International Studies and Cooperation,ceci,0,0,0,0,0,0,-,-,-
Center for Participation and Development,cpd_2021,1,1,1,0,0,0,0,0,0
Center for Research on Environment Health and Population Activities (CREHPA),crehpa,1,1,1,0,0,0,0,0,0
"Center for Research, Evaluation Resources and Development (CRERD)",crerd_ng,1,1,1,0,0,0,0,0,0
Centre des Etudes Méditerranéennes et Internationales,cemi,0,0,0,0,0,0,-,-,-
Centre For Citizens With Disabilities,ccdnigeria,0,0,0,0,0,0,-,-,-
Centre for Economic Policy Research,cepr,2,2,1,1,1,1,50,50,100
Centre for Economic Strategy Ukraine,ces-ua,0,0,0,0,0,0,-,-,-
Centre for Environment Human Rights and Development,cehrd1,0,0,0,0,0,0,-,-,-
Centre for Humanitarian Dialogue (HD Centre),hdcentre,1,1,0,0,0,0,0,0,-
Centre for Indian Knowledge Systems,ciks,1,1,1,0,0,0,0,0,0
"Centre for Injury Prevention and Research, Bangladesh (CIPRB)",ciprb,1,1,1,0,0,0,0,0,0
Centre for Legal Research and Development,clerd-prpi,0,0,0,0,0,0,-,-,-
Centre for Policy Dialogue,cpd,0,0,0,0,0,0,-,-,-
Centre for Rights Education and Awareness,creawkenya,1,1,1,0,0,0,0,0,0
Centre for the Study of Adolescence,csa-kenya,0,0,0,0,0,0,-,-,-
Centre International de Développement et de Recherche,cidr,0,0,0,0,0,0,-,-,-
Centre National de Coopération au Développement (CNCD-11.11.11),cncd,0,0,0,0,0,0,-,-,-
Centre Tricontinental - CETRI,ct-admin,0,0,0,0,0,0,-,-,-
Centro de Aprendizagem e Capacitação da Sociedade Civil,cesc,1,1,1,1,1,1,100,100,100
Centro de Promocion y Defensa de los Derechos Sexuales y Reproductivos,promsex,0,0,0,0,0,0,-,-,-
Cesvi,cesvi,0,0,0,0,0,0,-,-,-
CGIAR,cgiar,675,675,352,4,0,0,1,0,0
Chama cha Uzazi na Malezi Bora Tanzania (UMATI),umati,0,0,0,0,0,0,-,-,-
Chance for Childhood,chanceforchildhood,3,3,3,0,0,0,0,0,0
Charity Projects Ltd (Comic Relief),cprojects,32,32,12,30,14,1,94,44,8
Chaîne de l'Espoir Belgique / Keten van Hoop België / Chain of Hope Belgium,cdeb-kvhb_admin,0,0,0,0,0,0,-,-,-
CHEKA SANA TANZANIA,cst,0,0,0,0,0,0,-,-,-
Chemonics International Inc.,chemonics,7,7,7,0,0,0,0,0,0
Cheshire Services Uganda,csu,1,1,1,0,0,0,0,0,0
Child-to-Child,ctc,0,0,0,0,0,0,-,-,-
Child.org,child-dot_org,0,0,0,0,0,0,-,-,-
ChildFund International,childfund,0,0,0,0,0,0,-,-,-
ChildHope UK,childhopeuk,2,2,1,1,0,0,50,0,0
Children in Crisis,cic,0,0,0,0,0,0,-,-,-
Children in Crossfire,cicni,1,1,1,1,0,0,100,0,0
CHOICE for Youth and Sexuality,cfyas,3,3,3,3,1,0,100,33,0
Christian Aid,caid,65,65,16,0,0,0,0,0,0
Christian Blind Mission (UK) Ltd.,cbm,6,6,6,2,2,1,33,33,17
Christian Engineers in Development,ced,0,0,0,0,0,0,-,-,-
Church of England - The Archbishops' Council,coe-abc,4,4,0,4,3,0,100,75,-
CIFAL Scotland,cifal,0,0,0,0,0,0,-,-,-
CINI,cini_jhk,0,0,0,0,0,0,-,-,-
CISU,cisu,199,199,68,191,130,36,96,65,53
City of London Corporation,col-greenfinance,0,0,0,0,0,0,-,-,-
CIVICUS World Alliance for Citizen Participation,civicus,1,1,1,1,1,1,100,100,100
CIVIL INITIATIVES FOR DEVELOPMENT AND PEACE INDIA,cividep,1,1,1,1,1,1,100,100,100
CLASP,clasp,6,6,6,0,0,0,0,0,0
Clean Clothes Campaign,ccc,2,2,2,1,0,0,50,0,0
ClientEarth,clientearth-1,0,0,0,0,0,0,-,-,-
Climate Investment Funds,cif,246,246,246,0,0,0,0,0,0
Climate Policy Initiative,cpi,2,2,2,0,0,0,0,0,0
Clinton Health Access Initiative,chai,3,3,2,3,2,0,100,67,0
CNV Internationaal,nl-kvk-54436222-27541,20,20,20,0,0,0,0,0,0
Coalition for Epidemic Preparedness Innovations,cepi,3,3,3,0,0,0,0,0,0
Coalition of African Lesbians (CAL),cal_2000-pu,5,5,5,5,0,0,100,0,0
Cobra Collective CIC,cobracollective,1,1,1,0,0,0,0,0,0
COC Nederland,cocnl_publisher,9,9,9,6,0,0,67,0,0
CODA International,coda,0,0,0,0,0,0,-,-,-
CODEART ASBL,codeart,0,0,0,0,0,0,-,-,-
Coffey International Development,coffey,18,18,16,8,7,3,44,39,19
ColaLife,colalife,1,1,1,0,0,0,0,0,0
Collectif Stratégies Alimentaires,csa,0,0,0,0,0,0,-,-,-
Collective for Research and Training on Development Action,crtda,1,1,1,1,1,1,100,100,100
Comité pour l'abolition des dettes illégitimes,cadtm,0,0,0,0,0,0,-,-,-
COMMISSION JUSTICE ET PAIX ASBL (cjp),cjp,0,0,0,0,0,0,-,-,-
Commonwealth Local Government Forum,clgf_data,1,1,1,0,0,0,0,0,0
Commune de Adja-Ouere - Bénin,adja-ouere,0,0,0,0,0,0,-,-,-
Commune de Adjarra - Bénin,adjarra,0,0,0,0,0,0,-,-,-
Commune de Adjohoun - Bénin,adjohoun,0,0,0,0,0,0,-,-,-
Commune de Akpro-Missérété - Bénin,akpro-misserete,0,0,0,0,0,0,-,-,-
Commune de Allada - Bénin,allada,0,0,0,0,0,0,-,-,-
Commune de Aplahoué - Bénin,aplahoue,1,1,1,0,0,0,0,0,0
Commune de Avrankou - Bénin,avrankou,0,0,0,0,0,0,-,-,-
Commune de Bopa - Bénin,bopa,1,1,1,0,0,0,0,0,0
Commune de Comè - Bénin,come,0,0,0,0,0,0,-,-,-
Commune de Dangbo - Benin,dangbo,0,0,0,0,0,0,-,-,-
Commune de Ifangni - Bénin,ifangni,0,0,0,0,0,0,-,-,-
Commune de Klouékanmè - Bénin,klouekanme,0,0,0,0,0,0,-,-,-
Commune de Kpomassè - Bénin,kpomasse,0,0,0,0,0,0,-,-,-
Commune de Kétou - Bénin,ketou,0,0,0,0,0,0,-,-,-
Commune de Lalo - Bénin,lalo,1,1,1,0,0,0,0,0,0
Commune de Parakou - Bénin,parakou,0,0,0,0,0,0,-,-,-
Commune de Pobè - Bénin,pobe,1,1,1,0,0,0,0,0,0
Commune de Toffo - Bénin,toffo,0,0,0,0,0,0,-,-,-
Commune de Toviklin - Bénin,toviklin,1,1,1,0,0,0,0,0,0
Commune de Zè - Bénin,ze,0,0,0,0,0,0,-,-,-
Compassion UK,comp_uk,0,0,0,0,0,0,-,-,-
Concern Worldwide,concern_worldwide,4,4,0,0,1,0,0,25,-
Concern Worldwide UK,concernuk,4,4,0,3,1,0,75,25,-
Conciliation Resources,cr,3,3,3,1,0,0,33,0,0
Concordis International,concordis,0,0,0,0,0,0,-,-,-
Confederation of Danish Industry,di,1,1,1,0,0,0,0,0,0
Conflict Dynamics International,cdi,0,0,0,0,0,0,-,-,-
"Conflict, Stability and Security Fund",cssf,0,0,0,0,0,0,-,-,-
Congodorpen vzw,congodorpen,0,0,0,0,0,0,-,-,-
Conseil et Appui pour l'Education à la Base Mali,caeb_mali,1,1,1,1,1,1,100,100,100
Consortium for Street Children,csc,1,1,1,0,0,0,0,0,0
Construction Sector Transparency Initiative (CoST),cost_uk,38,38,38,0,0,0,0,0,0
Coopération par l'Education et la Culture,cec,0,0,0,0,0,0,-,-,-
Cord,cord,0,0,0,0,0,0,-,-,-
Cordaid,cordaid,43,43,20,9,5,2,21,12,10
Corporación de Apoyo a Comunidades Populares,codacop,1,1,1,0,0,0,0,0,0
Corus International,corus,0,0,0,0,0,0,-,-,-
Cowater International Inc,cowater,4,4,3,2,1,0,50,25,0
Cowater UK Limited,cowateruk,2,2,0,2,0,0,100,0,-
COWI,cowi,0,0,0,0,0,0,-,-,-
Coöperatief Climate Fund Managers U.A.,cfm,22,22,22,1,0,0,5,0,0
CRANE,crane,1,1,1,0,0,0,0,0,0
CREA,creausa-org,20,20,20,14,14,14,70,70,70
Croix-Rouge de Belgique Communauté francophone - Activités internationales ASBL,crb-ai_admin,0,0,0,0,0,0,-,-,-
Cross-Government Prosperity Fund,prosperityfund,10,10,0,0,0,0,0,0,-
Crown Agents Limited,cal,1,1,0,0,0,0,0,0,-
CUAMM Trustees,cuammtrustees,0,0,0,0,0,0,-,-,-
Cyan International,cyan,0,0,0,0,0,0,-,-,-
D. Capital Partners,dcapitalpartners,13,13,13,0,0,0,0,0,0
DAI Europe,dai-e,14,14,9,9,6,3,64,43,33
DAI Global Health,healthpartners-international,0,0,0,0,0,0,-,-,-
Damiaanactie / Action Damien,damien-foundation,4,4,4,0,0,0,0,0,0
dance4life,dance4life,0,0,0,0,0,0,-,-,-
DanChurchAid,dca,4,4,3,0,0,0,0,0,0
Danish Family Planning Association,dfpa,1,1,1,1,1,1,100,100,100
Danish Red Cross,danishrc,6,6,6,0,0,0,0,0,0
Danish Refugee Council,drc,9,9,6,5,3,3,56,33,50
Danish Trade Union Development Agency (Ulandssekretariatet),loftf,2,2,2,1,0,0,50,0,0
Danmission,danmission,3,3,2,2,2,1,67,67,50
Data4Development,d4d,0,0,0,0,0,0,-,-,-
David Gordon Memorial Hospital,dgmh,0,0,0,0,0,0,-,-,-
Dawuro Development Association,dawuro_da,0,0,0,0,0,0,-,-,-
DCAF - Geneva Centre for Security Sector Governance,dcaf,6,6,6,2,0,0,33,0,0
DeafKidz International,dki1151219,0,0,0,0,0,0,-,-,-
DECP,decp,0,0,0,0,0,0,-,-,-
Defence for Children International Netherlands - ECPAT Netherlands,dciecpatnl,10,10,10,10,10,10,100,100,100
DefendDefenders,defenddefenders,11,11,11,0,0,0,0,0,0
Delivery Associates Ltd,delivery_associates,0,0,0,0,0,0,-,-,-
Deloitte Touche Tohmatsu India LLP,dttillp,0,0,0,0,0,0,-,-,-
Democracy Reporting International gGmbH,dri,0,0,0,0,0,0,-,-,-
Democratic Governance Facility,dgf,3,3,3,3,0,0,100,0,0
"Denmark - Ministry of Foreign Affairs, Danida",danida,911,911,696,265,129,51,29,14,7
Department for International Trade,dit,0,0,0,0,0,0,-,-,-
Desmond Tutu HIV Foundation,dthfxx12,4,4,4,0,0,0,0,0,0
Development Aid from People to People (DAPP) Malawi,dapp,3,3,3,0,0,0,0,0,0
Development Expertise Center,dec_ethiopia,1,1,1,1,0,0,100,0,0
Development Initiatives Poverty Research,dipr,3,3,2,3,2,0,100,67,0
Development Media International,dmi_admin,1,1,0,0,0,0,0,0,-
Development Organisation of the Rural Poor,dorp-org,0,0,0,0,0,0,-,-,-
Developments In Literacy Trust UK,diltuk,0,0,0,0,0,0,-,-,-
Diakonia Sweden,diakonia802017-3517,0,0,0,0,0,0,-,-,-
Digital Campus,dc,0,0,0,0,0,0,-,-,-
Direcção Provincial de Saúde de Nampula,dps-nampula,0,0,0,0,0,0,-,-,-
Disability and Development Partners,ddp,6,6,6,0,0,0,0,0,0
Disability Rights Advocacy Fund,draf,0,0,0,0,0,0,-,-,-
Disability Rights Fund,drf,0,0,0,0,0,0,-,-,-
Disabled People's Organisations Denmark,dpod,23,23,13,22,13,8,96,57,62
Disasters Emergency Committee,dec-uk,0,0,0,0,0,0,-,-,-
"Discovery Learning Alliance, Inc.",dla,0,0,0,0,0,0,-,-,-
Djapo,djapo,0,0,0,0,0,0,-,-,-
DKT - (Pakistan),dkt,5,5,5,0,0,0,0,0,0
DKT Ethiopia,dkt_ethiopia,1,1,1,0,0,0,0,0,0
DKT International,dkti,1,1,1,0,0,0,0,0,0
DKT RD Congo,dkt_drc,1,1,1,1,0,0,100,0,0
DNH Mali (Direction Nationale de l’Hydraulique du Mali),pca-gire,0,0,0,0,0,0,-,-,-
Doctors of the World UK,dotw_uk,0,0,0,0,0,0,-,-,-
Doctors with Africa CUAMM,cuamm,7,7,7,0,0,0,0,0,0
Dorcas Aid International,dai,6,6,6,0,0,0,0,0,0
Down syndrome Foundation Nigeria,dsfn,1,1,1,0,0,0,0,0,0
Drugs for Neglected Diseases initiative,dndi_transparency,13,13,0,0,0,0,0,0,-
DUF - The Danish Youth Council,duf,16,16,9,9,3,0,56,19,0
Dynamo International asbl,dynamo_international,0,0,0,0,0,0,-,-,-
Défi Belgique Afrique,dba,0,0,0,0,0,0,-,-,-
Dóchas - Irish Association of Non Governmental Development Organisations,dochas,22,22,22,0,0,0,0,0,0
Earthworm Foundation,ewf,0,0,0,0,0,0,-,-,-
East African Playgrounds,eap,1,1,1,1,0,0,100,0,0
ECDPM,ecdpm,0,0,0,0,0,0,-,-,-
Echos Communication,ec,0,0,0,0,0,0,-,-,-
Eclosio,eclosio,0,0,0,0,0,0,-,-,-
Economic and Social Fund for Development,esfd,1,1,1,0,0,0,0,0,0
Economic and Social Research Foundation (ESRF),esrf,1,1,1,0,0,0,0,0,0
Ecorys Nederland B.V.,ecorysnl,0,0,0,0,0,0,-,-,-
Ecorys UK,ecuk,7,7,5,6,1,0,86,14,0
Educate!,educate,0,0,0,0,0,0,-,-,-
Education Development Trust,eddevtrust,2,2,2,0,0,0,0,0,0
Education Development Trust,edt_kenya,1,1,0,0,0,0,0,0,-
EDUCATION DEVELOPMENT TRUST - RWANDA,edt_rwanda,2,2,0,0,0,0,0,0,-
Edukans Foundation,edukans_foundation,4,4,1,2,2,1,50,50,100
ELEVATE Hong Kong Holdings Limited,elevatelimited,0,0,0,0,0,0,-,-,-
Elrha,elrha,4,4,3,1,0,0,25,0,0
Elton John AIDS Foundation,ejaf,1,1,0,1,1,0,100,100,-
Emissa,emissa,0,0,0,0,0,0,-,-,-
Emmanuel International UK,eiuk,0,0,0,0,0,0,-,-,-
EMMS International,emms,5,5,5,0,0,0,0,0,0
Energy 4 Impact,e4i,2,2,2,0,0,0,0,0,0
Energy Saving Trust,energy_saving_trust,0,0,0,0,0,0,-,-,-
Enfance Tiers Monde Kinderen Derde Wereld,etmkdw,0,0,0,0,0,0,-,-,-
EngenderHealth,ehorg,1,1,1,0,0,0,0,0,0
EngenderHealth Ethiopia,engenderhealth_eth,2,2,2,1,0,0,50,0,0
Engineers Without Borders Canada,ewb_canada,4,4,4,0,0,0,0,0,0
Enhanced Integrated Framework,eif,1,1,1,0,0,0,0,0,0
"Entiqal for Training ""Partners for Good""",pfg,0,0,0,0,0,0,-,-,-
Entraide et Fraternité,ef_,0,0,0,0,0,0,-,-,-
Environmental Centre for Oil Spills and Gas Flaring (NACGOND),nacgond-,6,6,6,0,0,0,0,0,0
Equality Now,e_n,5,5,5,1,1,1,20,20,20
equileap,equileap,1,1,1,0,0,0,0,0,0
Ethical Trading Initiative,eti,4,4,4,3,3,3,75,75,75
Ethiopiaid Ireland,ethiopiaidireland,8,8,8,0,0,0,0,0,0
Ethiopiaid UK,ethiopiaiduk,22,22,22,0,0,0,0,0,0
Ethiopian Horticulture Producer Exporters Association (EHPEA),ehpea,0,0,0,0,0,0,-,-,-
Ethiopian Public Health Association,epha,0,0,0,0,0,0,-,-,-
Ethiopian Women Lawyers Association,ewla,1,1,1,0,0,0,0,0,0
Ethiopian Women with Disabilities National Assocation,ewdna2025,1,1,1,1,1,1,100,100,100
Eurasia Partnership Foundation,epf,1,1,1,0,0,0,0,0,0
European Bank for Reconstruction and Development,ebrd,1072,1072,999,467,0,0,44,0,0
European Commission - Humanitarian Aid & Civil Protection,ec-echo,323,323,46,171,225,27,53,70,59
European Commission - International Partnerships,ec-intpa,3613,3613,1881,2626,2140,68,73,59,4
European Commission - Neighbourhood and Enlargement Negotiations,ec-near,1607,1607,811,1049,1134,447,65,71,55
European Commission - Service for Foreign Policy Instruments,ec-fpi,207,207,66,0,0,0,0,0,0
European Forest Institute,efi,2,2,2,0,0,0,0,0,0
European Institute of Peace,eip,6,6,6,0,0,0,0,0,0
European Investment Bank,eib,375,375,363,375,0,0,100,0,0
European Journalism Centre,ejc,6,6,6,0,0,0,0,0,0
Eve Organization for Women Development,eveowd,1,1,1,1,1,1,100,100,100
EveryChild,evc,0,0,0,0,0,0,-,-,-
Excellent Development,excellent,0,0,0,0,0,0,-,-,-
Exeter Ethiopia Link,eel,0,0,0,0,0,0,-,-,-
Fair Wear Foundation,fwf,10,10,10,10,10,10,100,100,100
Fairfood International,fairfood,5,5,5,5,5,3,100,100,60
Fairtrade Belgium,fairtrade_be,0,0,0,0,0,0,-,-,-
Fairtrade Labelling Organizations International e.V.,fairtrade_international,0,0,0,0,0,0,-,-,-
Faith to Action Network,f2a,9,9,8,8,8,8,89,89,100
Family Aids Caring Trust,fact,1,1,1,0,0,0,0,0,0
Family Counseling and Development Foundation,fcdf,0,0,0,0,0,0,-,-,-
Family Guidance Association of Ethiopia,fgae_ethiopia,0,0,0,0,0,0,-,-,-
Family Life Education Program,flepuganda,0,0,0,0,0,0,-,-,-
Farm Africa,fa,0,0,0,0,0,0,-,-,-
Farm Concern International,fci,0,0,0,0,0,0,-,-,-
Fauna & Flora International,ffi_publisher,0,0,0,0,0,0,-,-,-
Federation of Women Lawyers Kenya,fida,1,1,1,1,1,1,100,100,100
Feed the Minds,ftm-291333,1,1,1,0,0,0,0,0,0
FHI360,fhi360,5,5,5,1,0,0,20,0,0
Fiabel,fiabel,5,5,5,0,0,0,0,0,0
FIAN Belgium,fian-belgium,0,0,0,0,0,0,-,-,-
"Field Ready, USA",field_ready,0,0,0,0,0,0,-,-,-
Fiftyfifty,fiftyfifty-lb,1,1,1,0,0,0,0,0,0
Fight Hunger Foundation,fhf,1,1,1,0,0,0,0,0,0
Financial Sector Deepening Trust (Kenya),fsdk,3,3,3,2,0,0,67,0,0
Financial Sector Deepening Uganda,fsduganda,0,0,0,0,0,0,-,-,-
Find Your Feet,fyf,1,1,1,0,0,0,0,0,0
Finland - Ministry for Foreign Affairs,finland_mfa,539,539,385,300,167,150,56,31,39
Finn Church Aid (Kirkon Ulkomaanapu sr),fca,0,0,0,0,0,0,-,-,-
FMO,fmo,287,287,232,0,0,0,0,0,0
FONCABA ASBL KBA VZW,foncaba,0,0,0,0,0,0,-,-,-
Fondation Hirondelle,fh_ch,0,0,0,0,0,0,-,-,-
Fondo Centroamericano de Mujeres,fcam,3,3,3,2,0,0,67,0,0
Fonds voor Ontwikkelingssamenwerking - Socialistische Solidariteit VZW,fos,0,0,0,0,0,0,-,-,-
Food and Agriculture Organization of the United Nations (FAO),fao,806,806,242,38,0,0,5,0,0
Food for the Hungry UK,fh,1,1,1,0,0,0,0,0,0
Forest Trends Association,forest-trends,1,1,1,0,0,0,0,0,0
Forests Monitor,fm,0,0,0,0,0,0,-,-,-
Forschungsinstitut zur Zukunft der Arbeit GmbH (IZA),iza,1,1,1,0,0,0,0,0,0
Forum for Africa Women Educationalist Regional Secretariat,fawe-rs,15,15,15,7,0,0,47,0,0
forum for women in democracy,fowode,1,1,1,1,1,1,100,100,100
Forum Universitaire pour la Coopération Internationale au Développement -FUCID ASBL,fucid,0,0,0,0,0,0,-,-,-
Foundation for Social Improvement,the_fsi,1,1,1,1,0,0,100,0,0
France - Ministry for Europe and Foreign Affairs,france,347,347,344,0,0,0,0,0,0
FRANK Water,frankwater,0,0,0,0,0,0,-,-,-
Free a Girl,freeagirl,0,0,0,0,0,0,-,-,-
Free Press Unlimited,free_press_unlimited,1,1,0,0,0,0,0,0,-
Freedom Forum,ff,0,0,0,0,0,0,-,-,-
Friends of Kipkelion,kipkelion,0,0,0,0,0,0,-,-,-
Friends of Publish What You Fund,friendsofpwyf,2,2,2,0,0,0,0,0,0
"Friends of the Earth England, Wales and Northern Ireland",foe_ewni,0,0,0,0,0,0,-,-,-
Friends of the Earth International,foei,1,1,1,1,1,1,100,100,100
Friends of the Earth-Ghana,foe-ghana,1,1,1,0,0,0,0,0,0
Frontline AIDS,f-aids,2,2,2,1,1,1,50,50,50
FSD Africa,fsdafrica,0,0,0,0,0,0,-,-,-
Fundacion Acceso,fundacion-acceso,0,0,0,0,0,0,-,-,-
Fundación Avina,fundacionavina,4,4,4,4,4,4,100,100,100
Fundación Fondo Mujeres del Sur,fms,1,1,1,0,0,0,0,0,0
Fundación Gaia Amazonas,gaia,4,4,4,4,4,4,100,100,100
Fundación Oriéntame,orientame,1,1,1,0,0,0,0,0,0
Fundo de Investimento e Patrimonio do Abastecimento de Água (FIPAG),fipag,1,1,1,0,0,0,0,0,0
GALZ,galz,3,3,3,2,0,0,67,0,0
"Gavi, the vaccine alliance",gavi,20,20,5,20,20,5,100,100,100
GEF Secretariat,gef,799,799,671,0,0,0,0,0,0
GEMS Education Solutions,mgcubed,0,0,0,0,0,0,-,-,-
Gender at Work,genderatwork,4,4,4,4,0,0,100,0,0
Gender Equality Network,gen,0,0,0,0,0,0,-,-,-
Gender Links,gl,6,6,6,0,0,0,0,0,0
Geneva International Centre for Humanitarian Demining,gichd,11,11,0,11,11,0,100,100,-
GEOMOUN ASBL,geomoun,0,0,0,0,0,0,-,-,-
Germany - Federal Foreign Office,fo_germany,233,233,56,215,135,30,92,58,54
Germany - Ministry for Economic Cooperation and Development,bmz,5781,5781,3657,694,626,314,12,11,9
Germany GIZ Non BMZ,giz,21,21,12,21,17,7,100,81,58
Girls Not Brides: The Global Partnership to End Child Marriage,girlsnotbrides,0,0,0,0,0,0,-,-,-
Girls’ Education Challenge – Fund Manager PwC,gecfundmanagerpwc,3,3,3,2,2,2,67,67,67
Giro555 (Stichting Samenwerkende Hulporganisaties),giro555,3,3,3,1,0,0,33,0,0
GiveDirectly,givedirectly,0,0,0,0,0,0,-,-,-
Global Action Nepal,gan,0,0,0,0,0,0,-,-,-
Global Alliance for Livestock Veterinary Medicines,galvmed,1,1,1,1,1,1,100,100,100
Global Alliance for TB Drug Development,tb-a,2,2,2,0,0,0,0,0,0
Global Anaesthesia Development Partnerships,gadp,2,2,2,0,0,0,0,0,0
Global Antibiotic Research and Development Partnership,gardp,9,9,9,0,0,0,0,0,0
Global Canopy,globalcanopy,0,0,0,0,0,0,-,-,-
Global Disability Innovation Hub,gdihub,4,4,4,0,0,0,0,0,0
Global Focus,globaltfokus,5,5,5,0,0,0,0,0,0
Global Fund for Community Foundations,gfcf,1,1,1,1,1,1,100,100,100
Global Fund to End Modern Slavery,gfems,10,10,10,0,0,0,0,0,0
Global Green Growth Institute (GGGI),gggi,14,14,8,0,0,0,0,0,0
Global Impact Investing Network,giin,1,1,1,1,0,0,100,0,0
Global Innovation Fund,gif,23,23,21,0,0,0,0,0,0
Global Network of People Living with HIV (GNP+),gnpplus,9,9,9,2,0,0,22,0,0
Global Network of Sex Work Projects (NSWP),nswp,0,0,0,0,0,0,-,-,-
Global Partnership for Education,gpe,0,0,0,0,0,0,-,-,-
Global Rights Compliance,grc2018,29,29,29,19,0,0,66,0,0
Global Water Partnership,gwp,0,0,0,0,0,0,-,-,-
Global Witness,globalwitness,0,0,0,0,0,0,-,-,-
GlobalGiving.org,globalgiving,0,0,0,0,0,0,-,-,-
GOAL,goal,2,2,1,0,0,0,0,0,0
GOGLA - Global Off-Grid Lighting Association,gogla,0,0,0,0,0,0,-,-,-
GoodWeave International,goodweave_intl,0,0,0,0,0,0,-,-,-
Goree Institute,gorin,0,0,0,0,0,0,-,-,-
GPPAC Foundation,gppac,0,0,0,0,0,0,-,-,-
Grand Challenges Canada,hgc,2,2,0,0,0,0,0,0,-
Greater Virunga Transboundary Collaboration,gvtc,1,1,1,1,1,1,100,100,100
Ground Truth Solutions,ground-truth-solutions,0,0,0,0,0,0,-,-,-
Groupe Pivot Santé Population,gpsp-org,0,0,0,0,0,0,-,-,-
Grow Asia,growasia,0,0,0,0,0,0,-,-,-
Grow Movement,growmovement_admin,2,2,2,0,0,0,0,0,0
GSMA Foundation,gsma_foundation,0,0,0,0,0,0,-,-,-
Gulu University,guluuni,0,0,0,0,0,0,-,-,-
Guttmacher Institute,guttmacher,1,1,0,1,0,0,100,0,-
Hagar International UK,hagar_uk,0,0,0,0,0,0,-,-,-
Haiti Hospital Appeal,hha,0,0,0,0,0,0,-,-,-
Hand in Hand International,handinhand,1,1,1,0,0,0,0,0,0
Handicap International Belgique,hib,0,0,0,0,0,0,-,-,-
Handicap International Federation,hi_fed,5,5,1,4,3,1,80,60,100
Handicap International UK,hiuk,7,7,5,4,4,2,57,57,40
Health Development Initiative,hdi,1,1,1,0,0,0,0,0,0
Health Insurance Fund,hif,0,0,0,0,0,0,-,-,-
Health Poverty Action,hpa,0,0,0,0,0,0,-,-,-
HealthNet TPO,healthnet,2,2,2,2,2,2,100,100,100
HealthProm,hp_12,1,1,1,0,0,0,0,0,0
Healthright International-Kenya,hri,0,0,0,0,0,0,-,-,-
Healthy Entrepreneurs Foundation,hefoundation,1,1,1,1,0,0,100,0,0
Heartland Alliance International,ha-i,1,1,1,0,0,0,0,0,0
Heifer International South Africa,hsa,1,1,1,0,0,0,0,0,0
Heifer Nederland,heifernederland,0,0,0,0,0,0,-,-,-
HelpAge International,helpage_international,5,5,1,4,3,1,80,60,100
HelpAge International UK,ageintl,0,0,0,0,0,0,-,-,-
Helvetas Swiss Intercooperation,hsi,0,0,0,0,0,0,-,-,-
Higher Population Council,hpc,1,1,1,0,0,0,0,0,0
HiiL innovating Justice,hiil_mfa,8,8,8,1,1,1,12,12,12
Hilfswerk Austria Zimbabwe,hwa-zm,0,0,0,0,0,0,-,-,-
Hivos,stichting_hivos,5,5,4,5,5,4,100,100,100
HM Treasury,hmtfitb,2,2,2,0,0,0,0,0,0
Homeless International,hi,0,0,0,0,0,0,-,-,-
Hope and Homes for Children,hhc,0,0,0,0,0,0,-,-,-
Hope for Children,hfc,1,1,1,0,0,0,0,0,0
Horizons for Green Development,horizons,0,0,0,0,0,0,-,-,-
Hospice Africa Ltd,hauk,1,1,1,0,0,0,0,0,0
HTSPE,htspe,1,1,1,0,0,0,0,0,0
Huairou Commission,hc2022,5,5,5,5,5,5,100,100,100
Human Relief Foundation,hrf,0,0,0,0,0,0,-,-,-
Humanitarian Quality Assurance Initiative,hqai,1,1,1,0,0,0,0,0,0
I Choose Life Africa,ke-ngc-3372,1,1,1,0,0,0,0,0,0
Ibrahimia Media Center,imc-2021,1,1,1,1,1,1,100,100,100
ICA:UK,icauk,2,2,2,0,0,0,0,0,0
ICCO Cooperation,icco-cooperation,8,8,6,4,2,3,50,25,50
ICF Consulting Services Ltd,icf,1,1,1,1,1,0,100,100,0
ICS,ics,0,0,0,0,0,0,-,-,-
IDB Invest,idbinvest,1699,1699,1699,1699,1699,1699,100,100,100
iDE,ide,0,0,0,0,0,0,-,-,-
IDEO.org,ideo_org,1,1,1,0,0,0,0,0,0
IDH Investment Management B.V.,idh_im,1,1,1,1,1,1,100,100,100
"IDH, the Sustainable Trade Initiative",idh,29,29,28,27,0,0,93,0,0
IDinsight,idinsight,2,2,2,0,0,0,0,0,0
IDOM INGENIERIA,idom_mx,0,0,0,0,0,0,-,-,-
IFOAM - Organics International,ifoam,56,56,56,0,0,0,0,0,0
IHE Delft Institute for Water Education,ihedelft,3,3,3,2,2,1,67,67,33
Iles de Paix,idp,0,0,0,0,0,0,-,-,-
ILGA Asia,ilgaasia,2,2,2,2,0,0,100,0,0
IMA World Health,us-imawh,1,1,1,0,0,0,0,0,0
IMC WORLDWIDE,imcw_admin,15,15,13,2,1,0,13,7,0
IMD Moçambique,imdmozambique,4,4,4,0,0,0,0,0,0
IMPACT Initiatives,impact_initiatives,2,2,2,0,0,0,0,0,0
"Imperial College of Science, Technology and Medicine",imperial,0,0,0,0,0,0,-,-,-
Impunity Watch,iw_admin,1,1,1,0,0,0,0,0,0
Index Initiative Foundation,iif,0,0,0,0,0,0,-,-,-
Indigo Trust,indtrust,1,1,1,0,0,0,0,0,0
inHive,inhive,0,0,0,0,0,0,-,-,-
Iniciativa Climatica de Mexico,icm_mx,0,0,0,0,0,0,-,-,-
Initiative Sankofa d'Afrique de l'Ouest,isdao,4,4,4,4,0,0,100,0,0
Innovate UK KTN,ktn,1,1,1,1,1,0,100,100,0
Instiglio,instiglio,0,0,0,0,0,0,-,-,-
Institut de Formation Syndical International - Internationaal Syndicaal Vormingsinstituut,ifsi_isvi,0,0,0,0,0,0,-,-,-
"Institut National de l'Eau, Benin",ine_benin,0,0,0,0,0,0,-,-,-
Institute for International Workers Education,iiwe,0,0,0,0,0,0,-,-,-
Institute for Policy Research and Advocacy (ELSAM),elsam,1,1,1,0,0,0,0,0,0
Institute for Security Studies,issafrica,0,0,0,0,0,0,-,-,-
Institute for War & Peace Reporting,iwpr,9,9,9,0,0,0,0,0,0
Institute of Development Studies,ids,7,7,6,4,2,1,57,29,17
Institute of Tropical Medicine,itm,0,0,0,0,0,0,-,-,-
Instituto BVRio,bvrio,1,1,1,0,0,0,0,0,0
Integrity Action,integrity_action,1,1,1,0,0,0,0,0,0
Integrity Research and Consultancy Ltd,integrity,5,5,5,0,0,0,0,0,0
Inter-American Development Bank,iadb,309,309,195,309,295,195,100,95,100
Interact Worldwide,iww_publish,0,0,0,0,0,0,-,-,-
InterAction,interaction,0,0,0,0,0,0,-,-,-
InterAction's NGO Aid Map,ia_nam,204,204,172,0,0,0,0,0,0
interburns,interburns,0,0,0,0,0,0,-,-,-
InterClimate Network,icn,1,1,1,0,0,0,0,0,0
International Aids Vaccine Initiative (IAVI),iavi,0,0,0,0,0,0,-,-,-
International Alert,international-alert,23,23,12,1,1,0,4,4,0
International Bureau of Fiscal Documentation (IBFD),ibfd,6,6,5,1,0,0,17,0,0
International Campaign Women´s Right to Safe Abortion,icwrsa,2,2,2,0,0,0,0,0,0
International Center for Not-for-Profit Law,icnl_org,0,0,0,0,0,0,-,-,-
International Center for Transitional Justice,ictj,8,8,8,0,0,0,0,0,0
International Centre for Antimicrobial Resistance Solutions,icars,1,1,1,1,0,0,100,0,0
"International Centre for Diarrhoeal Disease Research, Bangladesh (icddr,b)",icddrb,1,1,1,0,0,0,0,0,0
International Centre for Migration Policy Development,icmpd,5,5,5,0,0,0,0,0,0
International Centre of Insect Physiology and Ecology (icipe),icipe,4,4,2,0,0,0,0,0,0
International Child Development Initiatives,icdi,0,0,0,0,0,0,-,-,-
International Climate Initiative / BMU - IKI Secretariat,bmu_iki,187,187,108,0,0,0,0,0,0
International Committee of the Red Cross (ICRC),icrc,0,0,0,0,0,0,-,-,-
International Council of Voluntary Agencies,icva,0,0,0,0,0,0,-,-,-
International Crisis Group,crisisgroup,2,2,1,2,0,0,100,0,0
International Development Law Organization (IDLO),idlo,29,29,5,0,0,0,0,0,0
INTERNATIONAL DISABILITY ALLIANCE,ida,2,2,2,0,0,0,0,0,0
International Federation of Accountants,ifac,6,6,6,0,0,0,0,0,0
International Federation of the Red Cross and Red Crescent (IFRC),ifrcrcs,243,243,148,0,0,0,0,0,0
International Fertilizer Development Center,ifdc-us,4,4,3,0,0,0,0,0,0
International Finance Corporation,ifcwbg,5689,5689,5689,0,0,0,0,0,0
International Food Policy Research Institute,ifpri,1,1,1,0,0,0,0,0,0
International Fund for Agricultural Development (IFAD),ifad,234,234,180,0,0,0,0,0,0
International IDEA,idea,0,0,0,0,0,0,-,-,-
International Indigenous Women Forum,fimi_iiwf_2019,5,5,5,3,3,3,60,60,60
International Initiative for Impact Evaluation,3ie,1,1,1,0,0,0,0,0,0
International Institute for Environment and Development,iied,2,2,2,0,0,0,0,0,0
International Labour Organization (ILO),ilo,88,88,59,0,0,0,0,0,0
International Media Support,ims,2,2,2,2,2,1,100,100,50
International Medical Corps UK,imc_uk,3,3,3,0,0,0,0,0,0
International Monetary Fund,imf,2,2,2,0,0,0,0,0,0
International Network for Advancing Science and Policy,inasp,0,0,0,0,0,0,-,-,-
International Network for Bamboo and Rattan (INBAR),inbar,30,30,12,18,0,0,60,0,0
International Network of People who Use Drugs (INPUD),inpud_admin,6,6,6,0,0,0,0,0,0
International NGO Safety Orgnisation,inso,3,3,3,0,0,0,0,0,0
International Organization for Migration (IOM),iom,379,379,80,376,357,77,99,94,96
International Planned Parenthood Federation,ippf,2,2,1,1,1,0,50,50,0
International Potato Center,cip,0,0,0,0,0,0,-,-,-
International Primary Care Respiratory Group,ipcrg,0,0,0,0,0,0,-,-,-
International Procurement Agency,ipa,16,16,16,0,0,0,0,0,0
International Rescue Committee UK,irc_uk,7,7,5,3,1,1,43,14,20
International Service,unais,0,0,0,0,0,0,-,-,-
International Trade Centre (ITC),itc,0,0,0,0,0,0,-,-,-
International Treatment Preparedness Coalition (ITPC),itpc,0,0,0,0,0,0,-,-,-
International Union for Conservation of Nature and Natural Resources,iucn,1,1,1,0,0,0,0,0,0
International Women's Development Agency,iwda,0,0,0,0,0,0,-,-,-
International Women's Rights Action Watch Asia Pacific,iwrawasiapacific,6,6,6,5,5,5,83,83,83
International Youth Alliance for Family Planning,iyafp,0,0,0,0,0,0,-,-,-
Internews Europe,ieu,3,3,3,1,1,1,33,33,33
Interpeace,interpeace,9,9,7,0,0,0,0,0,0
INTERSOS Onlus,intersos_main,0,0,0,0,0,0,-,-,-
INTOSAI Development Initiative,idi,8,8,0,0,0,0,0,0,-
INTRAC,intrac,0,0,0,0,0,0,-,-,-
IntraHealth International,intrahealth,0,0,0,0,0,0,-,-,-
InvestInternational,investinternational,6,6,5,3,0,0,50,0,0
IOD PARC,iodparc,1,1,1,0,0,0,0,0,0
iPartner India,ip-india,0,0,0,0,0,0,-,-,-
Ipas,ipas,3,3,3,0,0,0,0,0,0
IPE Global Limited,ipeglobal,2,2,1,2,1,0,100,50,0
Iraq Foundation,iraq_foundation,8,8,8,0,0,0,0,0,0
IRC,irc,0,0,0,0,0,0,-,-,-
Ireland - Department of Foreign Affairs,irishaid,0,0,0,0,0,0,-,-,-
IREX (International Research and Exchange Board),irex,14,14,14,0,0,0,0,0,0
"Iringa Development of Youth, Disabled and Children Care",idydc,0,0,0,0,0,0,-,-,-
Irise International,irise_int,0,0,0,0,0,0,-,-,-
Irrawaddy Policy Exchange,ipe,0,0,0,0,0,0,-,-,-
Islamic Relief Worldwide,irw,1,1,1,1,1,1,100,100,100
IT for Change,itforchange,1,1,1,1,0,0,100,0,0
Itad,itad,5,5,5,0,0,0,0,0,0
ITECO - Centre de formation pour le développement,iteco,0,0,0,0,0,0,-,-,-
IUCN Nederlands Comité,iucn_nl,15,15,15,15,15,15,100,100,100
Japan International Cooperation Agency (JICA),jica,9533,9516,9499,0,0,0,0,0,0
Jeevika Trust,jeevika_trust,0,0,0,0,0,0,-,-,-
Jinja district union of persons with disabilities,jidu2021,1,1,1,0,0,0,0,0,0
Johns Hopkins University,gi-jhu,0,0,0,0,0,0,-,-,-
Jordan Open Source Association,josa,0,0,0,0,0,0,-,-,-
Jordan River Foundation,jrf,3,3,3,0,0,0,0,0,0
Joshua Orphan and Community Care,jocc_uk,0,0,0,0,0,0,-,-,-
JoWomenomics,jowomenomics,1,1,1,0,0,0,0,0,0
Just Associates,jass,8,8,8,8,7,8,100,88,100
Justice For All Prison Fellowship Ethiopia,jfa-pfe,0,0,0,0,0,0,-,-,-
Kadaster International,kad,5,5,5,0,0,0,0,0,0
Karuna Mission Social Solidarity - KMSS,kmss,0,0,0,0,0,0,-,-,-
Karuna Trust,karuna,1,1,1,0,0,0,0,0,0
Kathmandu Medical College Public Limited,kmc,0,0,0,0,0,0,-,-,-
Kemitraan Bagi Pembaruan Tata Pemerintahan,kemitraan,1,1,1,0,0,0,0,0,0
Kenya Community Development Foundation,kcdf,1,1,1,1,0,0,100,0,0
Kenya National Commission on Human Rights,knchr,7,7,7,0,0,0,0,0,0
Kenya Private Sector Alliance,kepsa,2,2,2,0,0,0,0,0,0
Kepa ry,kepa,0,0,0,0,0,0,-,-,-
Kerk in Actie,kerk_in_actie,1,1,1,0,0,0,0,0,0
Kesho Kenya,kesho_kenya,1,1,0,0,0,0,0,0,-
kidasha,kidasha,0,0,0,0,0,0,-,-,-
King Hussein Foundation,khf,2,2,2,0,0,0,0,0,0
King Salman Humanitarian Aid and Relief Centre,ksrelief291,7,7,7,0,0,0,0,0,0
King's College London,kingscollegelondon,0,0,0,0,0,0,-,-,-
Kisumu Medical and Education Trust,kmet,0,0,0,0,0,0,-,-,-
KITUO CHA SHERIA,kituo,1,1,1,0,0,0,0,0,0
KIYO,kiyo,0,0,0,0,0,0,-,-,-
Koepel van de Vlaamse Noord-Zuidbeweging 11.11.11 VZW,111111_publisher,0,0,0,0,0,0,-,-,-
Koninklijk Nederlands Meteorologisch Instituut,knmi,0,0,0,0,0,0,-,-,-
KPMG East Africa,kpmgea,0,0,0,0,0,0,-,-,-
KPMG LLP,kpmgllp,0,0,0,0,0,0,-,-,-
Kvinna till Kvinna,ktk,3,3,3,3,3,3,100,100,100
KwaAfrica,kwaafrica,1,1,1,0,0,0,0,0,0
Kwame Nkrumah University of Science and Technology,knust,0,0,0,0,0,0,-,-,-
Kyiv School of Economics and Management,kse,0,0,0,0,0,0,-,-,-
LAMB Health Care Foundation,lhcf,1,1,1,0,0,0,0,0,0
Land Equity International,lei,1,1,1,1,0,0,100,0,0
Landell Mills,landell-mills,1,1,0,1,0,0,100,0,-
Larive International,larive,6,6,6,0,0,0,0,0,0
Laïcité et Humanisme en Afrique Centrale (LHAC),lhac,0,0,0,0,0,0,-,-,-
Le Monde selon les femmes asbl,mondefemmes,0,0,0,0,0,0,-,-,-
LEAD International,lead_international,0,0,0,0,0,0,-,-,-
Leaders of Tomorrow,sqf,1,1,1,0,0,0,0,0,0
Learning for Life,learningforlife,0,0,0,0,0,0,-,-,-
Legal Action Worldwide,law,0,0,0,0,0,0,-,-,-
Lemann Foundation,lemann,1,1,0,1,0,0,100,0,-
Leonard Cheshire Disability,lcd_admin,2,2,0,1,0,0,50,0,-
Lepra,lepra,0,0,0,0,0,0,-,-,-
Liga Internacional de Mujeres por la Paz y la Libertad - Limpal Colombia,limpal-colombia,1,1,1,1,1,1,100,100,100
Light Castle Partners,lcp,0,0,0,0,0,0,-,-,-
Light For The World Belgium,lftw-be,0,0,0,0,0,0,-,-,-
Light for the World International,lftw-int,1,1,0,1,0,0,100,0,-
Link Community Development International,lcdi_admin,3,3,3,2,2,2,67,67,67
Link Community Development Scotland,lcds,0,0,0,0,0,0,-,-,-
"Lithuania, Ministry of Foreign Affairs",lithuania_mfa,0,0,0,0,0,0,-,-,-
Lively Minds,livelyminds,0,0,0,0,0,0,-,-,-
Liverpool School of Tropical Medicine,lstm,4,4,4,2,2,1,50,50,25
Living Earth Foundation,livingearth12,3,3,3,0,0,0,0,0,0
living peace institute,lpi,9,9,9,3,0,0,33,0,0
LIWA programme trust,liwa-admin,0,0,0,0,0,0,-,-,-
Local Development and Small Projects Support,ldsps,0,0,0,0,0,0,-,-,-
London Business School,lbs,0,0,0,0,0,0,-,-,-
London School of Economics and Political Science,lse,1,1,1,1,1,1,100,100,100
London School of Hygiene and Tropical Medicine,lshtm,4,4,3,1,1,0,25,25,0
Loughborough University,lboro,2,2,2,0,0,0,0,0,0
Louvain Coopération,lc,0,0,0,0,0,0,-,-,-
LTS International Limited,lts,5,5,3,5,3,1,100,60,33
Luminate Foundation Inc.,luminate,92,92,16,0,0,0,0,0,0
M&C Saatchi,mcs_new,0,0,0,0,0,0,-,-,-
Maastricht School of Management,msm-ipd,0,0,0,0,0,0,-,-,-
MADE in Europe,mie-1134415,1,1,1,0,0,0,0,0,0
MAG,mag,7,7,6,4,3,2,57,43,33
Mainline,mainline,0,0,0,0,0,0,-,-,-
Makerere University School of Public Health,maksph,12,12,11,0,0,0,0,0,0
Malaria Consortium,malariaconsortium,40,40,30,0,0,0,0,0,0
Mama Cash,mamac,5,5,5,5,4,4,100,80,80
MAMTA - Health Institute for Mother and Child,mamta_himc,1,1,1,0,0,0,0,0,0
Mango Tree Property Management LTD,mangotree,0,0,0,0,0,0,-,-,-
MannionDaniels,manniondaniels,3,3,1,1,0,0,33,0,0
MapAction,mapaction,1,1,1,1,1,1,100,100,100
marysmeals,marysmeals,0,0,0,0,0,0,-,-,-
Mastercard Foundation,mastercard-foundation,110,110,60,0,0,0,0,0,0
Max Foundation,max-foundation,5,5,5,3,3,3,60,60,60
Maxwell Stamp PLC,mstamp,0,0,0,0,0,0,-,-,-
McKinsey & Company,mck,2,2,2,0,0,0,0,0,0
McKinsey Development Partners,mdp,2,2,2,0,0,0,0,0,0
MDF Global,mdf,0,0,0,0,0,0,-,-,-
MedAccess Guarantee Limited,medaccess,1,1,1,0,0,0,0,0,0
Medair,medair,1,1,1,0,0,0,0,0,0
Medecins du Monde Belgique - Dokters van de Wereld Belgïe,medecins,7,7,7,0,0,0,0,0,0
Medecins du Monde France,mdm-fr,1,1,1,0,0,0,0,0,0
Media Development Investment Fund,mdif,1,1,0,1,1,0,100,100,-
"Medical Research Centre (MRC), Sierra Leone",mrc-sierra-leone,0,0,0,0,0,0,-,-,-
MedicineAfrica Ltd.,medafrica,0,0,0,0,0,0,-,-,-
Medicos del Mundo,mdm_spain,1,1,1,0,0,0,0,0,0
Memisa,memisa,0,0,0,0,0,0,-,-,-
Meningitis Research Foundation,mrf,0,0,0,0,0,0,-,-,-
Mensen met een Missie,mm1,13,13,13,13,13,13,100,100,100
Mercy Corps Europe,mce,5,5,3,3,2,1,60,40,33
Mercy Corps Global,mcg,0,0,0,0,0,0,-,-,-
Mercy Corps Netherlands,mcn,0,0,0,0,0,0,-,-,-
Mercy Ships UK Limited,msuk,0,0,0,0,0,0,-,-,-
Mercy-USA for Aid and Development,mercy-usa,0,0,0,0,0,0,-,-,-
MICAIA,mic-uk,2,2,2,0,0,0,0,0,0
Micaia Foundation,micfound,2,2,2,2,2,2,100,100,100
Micro Insurance Academy,mia_india,0,0,0,0,0,0,-,-,-
MicroLoan Foundation,mlf,0,0,0,0,0,0,-,-,-
Miel Maya Honing asbl,mmha,0,0,0,0,0,0,-,-,-
Mifumi UK,mifumi_uk,1,1,1,1,0,0,100,0,0
Milieudefensie,foenl,12,12,12,12,12,12,100,100,100
Millennium Challenge Corporation,millenniumchallenge,621,621,341,0,0,0,0,0,0
Ministry of Foreign Affairs - United Arab Emirates (UAE),mofaic_uae,1,1,1,0,0,0,0,0,0
Ministry of Foreign Affairs of  Japan,mofa-jpn,287,287,232,0,0,0,0,0,0
Ministry of Foreign and European Affairs of the Slovak Republic,slovakaid,276,276,274,0,0,0,0,0,0
Ministère de l'Economie et des Finances du Bénin,mefbenin,0,0,0,0,0,0,-,-,-
Minority Rights Group,mrg,3,3,2,0,0,0,0,0,0
Mission Øst,missioneast,2,2,1,0,0,0,0,0,0
Mondiaal FNV,mondiaalfnv,4,4,4,1,1,1,25,25,25
Montrose International LLP,montrose_llp,2,2,1,1,1,0,50,50,0
mothers2mothers,m2m_sa,0,0,0,0,0,0,-,-,-
Motivation,motivation,1,1,1,1,0,0,100,0,0
Mott MacDonald Limited,mml,7,7,4,6,4,0,86,57,0
MSI Reproductive Choices,msi,5,5,2,4,4,2,80,80,100
Mukisa Foundation,mukisa_foundation,1,1,1,0,0,0,0,0,0
Mulanje Mission Hospital,mmh,1,1,1,0,0,0,0,0,0
Multilateral Investment Fund,fomin,2,2,1,0,0,0,0,0,0
Musalaha Ministry of Reconciliation,mmr_admin2,0,0,0,0,0,0,-,-,-
Musawah Global Vision Berhad,musawah,1,1,1,0,0,0,0,0,0
Muslim Aid,muslimaid,0,0,0,0,0,0,-,-,-
MVO Nederland,mvo_nederland,0,0,0,0,0,0,-,-,-
Mwatana for Human Rights,mwatana,1,1,0,1,1,0,100,100,-
Mzumbe University,m_u,2,2,2,0,0,0,0,0,0
Médecins Sans Vacances,msv,0,0,0,0,0,0,-,-,-
"Namati, Inc",namati_inc,0,0,0,0,0,0,-,-,-
Nathan Associates London Ltd.,nathan,9,9,9,0,0,0,0,0,0
National Coalition of Human Rights Defenders - Kenya,nchrdk,0,0,0,0,0,0,-,-,-
National Union of Women With Disabilities of Uganda,nuwodu,1,1,1,1,1,1,100,100,100
Natural Justice,nj_1,8,8,8,0,0,0,0,0,0
Natural Resource Governance Institute (NRGI),nrgi,0,0,0,0,0,0,-,-,-
"Natural Resources Institute, University of Greenwich.",nri,3,3,3,0,0,0,0,0,0
Nature and Development Foundation,ndf_fgm,1,1,1,1,0,0,100,0,0
Near East Foundation (NEF USA),nef_usa,0,0,0,0,0,0,-,-,-
Near East Foundation Mali (NEF Mali),nef_mali,1,1,0,0,0,0,0,0,-
Near East Foundation UK (NEF UK),nef-uk,0,0,0,0,0,0,-,-,-
Neem Foundation,neem,1,1,1,0,0,0,0,0,0
Nepal Disabled Human Rights Center,dhrc_nepal,1,1,1,0,0,0,0,0,0
Nepal Netra Jyoti Sangh,nnjs_nepal,0,0,0,0,0,0,-,-,-
Netherlands - Ministry of Foreign Affairs,minbuza_nl,895,895,562,761,549,318,85,61,57
Netherlands Commission for Environmental Assessment,ncea,3,3,3,0,0,0,0,0,0
Netherlands Enterprise Agency (RVO),rvo,257,257,144,8,0,0,3,0,0
Netherlands Food Partnership,nfp,0,0,0,0,0,0,-,-,-
Netherlands Institute for Multiparty Democracy (NIMD),nimd-hq,30,30,30,25,25,25,83,83,83
Netherlands Organisation for Scientific Research (NWO),nwo,2,2,2,1,0,0,50,0,0
Netherlands Red Cross,nlrc,41,41,4,0,0,0,0,0,0
Netherlands Space Office,nso,0,0,0,0,0,0,-,-,-
Netherlands Water Partnership,nwp,1,1,1,1,1,1,100,100,100
Network for Africa,network4africa,0,0,0,0,0,0,-,-,-
Network For Enterprise Enhancement and Development Support,needs,0,0,0,0,0,0,-,-,-
New York University,nyu,1,1,0,0,0,0,0,0,-
New Zealand - Ministry of Foreign Affairs and Trade - New Zealand Aid Programme,mfat,400,400,255,231,134,65,58,34,25
NGO Federation of Nepal,nfn,0,0,0,0,0,0,-,-,-
Ngo-federatie (Vlaamse federatie van ngo's voor ontwikkelingssamenwerking),ngo-federatie,0,0,0,0,0,0,-,-,-
Niger Delta Stakeholders Initiative for Community Development and Empowerment,ndsicde,1,1,1,0,0,0,0,0,0
NIRAS A/S,niras,1,1,1,1,1,0,100,100,0
NKHOMA MISSION HOSPITAL,nmhiati,0,0,0,0,0,0,-,-,-
NLR,nlr,1,1,1,0,0,0,0,0,0
NLR Indonesia,nlr_indonesia,0,0,0,0,0,0,-,-,-
Non-Timber Forest Products Exchange Programme,ntfp-ep,7,7,7,7,7,7,100,100,100
Nonviolent Peaceforce South Sudan,npss,2,2,2,0,0,0,0,0,0
Norad - Norwegian Agency for Development Cooperation,norad,6057,6057,6057,874,439,190,14,7,3
NORSAAC,norsaac,0,0,0,0,0,0,-,-,-
Northern Ireland Cooperation Overseas Ltd,nico,0,0,0,0,0,0,-,-,-
Northern Network for Education Development,nned,5,5,5,0,0,0,0,0,0
Northern Rangelands Trust,nrt-kenya,6,6,6,0,0,0,0,0,0
Norwegian People's Aid,npa,1,1,0,0,0,0,0,0,-
Norwegian Refugee Council,nrc,1,1,1,1,1,0,100,100,0
"NpM, Platform for Inclusive Finance",npm,0,0,0,0,0,0,-,-,-
Nuffic,nuffic20171017,57,57,0,0,0,0,0,0,-
Nutrition International,nutritionintl,0,0,0,0,0,0,-,-,-
OCHA Country Based Pooled Funds,unocha-cbpf,277,277,11,249,266,11,90,96,100
ODI,odi,3,3,2,3,2,2,100,67,100
ODI Sales Limited,odi_sales_ltd,1,1,1,0,0,0,0,0,0
OECD,oecd,0,0,0,0,0,0,-,-,-
Office for National Statistics,ons,0,0,0,0,0,0,-,-,-
Okapi Consulting,okapiconsulting,1,1,1,0,0,0,0,0,0
Olamma Cares Foundation,olammacares,0,0,0,0,0,0,-,-,-
One Acre Fund,oneacrefund,0,0,0,0,0,0,-,-,-
One to One Children's Fund,onetoonecf,0,0,0,0,0,0,-,-,-
One Young World,oyw,4,4,4,0,0,0,0,0,0
ONG ALCRER,alcrer-1,1,1,1,0,0,0,0,0,0
Open Capital Advisors,oca,0,0,0,0,0,0,-,-,-
openmindedly,openmindedly,1,1,1,0,0,0,0,0,0
OpenNorth,opennorth,0,0,0,0,0,0,-,-,-
Opportunity International Savings and Loans Ltd,oisl_gh,1,1,1,0,0,0,0,0,0
Opportunity International UK,opportunity-international-uk,5,5,5,0,0,0,0,0,0
Options Consultancy Services,options,4,4,3,4,4,2,100,100,67
Orbis Africa,orbis_africa,0,0,0,0,0,0,-,-,-
Orbis Charitable Trust,orbis_uk,0,0,0,0,0,0,-,-,-
Orbis Ethiopia,orbis_ethiopia,0,0,0,0,0,0,-,-,-
Orbis International,orbis_international,0,0,0,0,0,0,-,-,-
OurLoop Stitchting,loop,1,1,1,0,0,0,0,0,0
Oxfam America,oxfamus,401,401,401,0,0,0,0,0,0
Oxfam Australia,oau,34,34,20,34,0,0,100,0,0
Oxfam GB,oxfamgb,85,85,18,1,0,0,1,0,0
Oxfam IBIS,ibis_denmark,2,2,2,1,1,1,50,50,50
Oxfam India,oxfamindia,0,0,0,0,0,0,-,-,-
Oxfam Intermón,oxfamintermon,62,62,61,0,1,0,0,2,0
Oxfam Novib,onl,536,536,226,318,0,0,59,0,0
Oxfam Solidarité-Solidariteit,oxsol,0,0,0,0,0,0,-,-,-
Oxfam Wereldwinkels,oww,0,0,0,0,0,0,-,-,-
Oxfam-Magasins du monde (omdm),omdm,0,0,0,0,0,0,-,-,-
Oxfam-Quebec,oqc,0,0,0,0,0,0,-,-,-
Oxford Policy Management,opml,9,9,4,9,6,3,100,67,75
Pact,pact,52,52,21,0,0,0,0,0,0
Palestinian Working Women Society for Development,pwwsd_2022,1,1,1,1,1,1,100,100,100
Palladium Europe,palladium_eur,1,1,1,0,0,0,0,0,0
Palladium International Ltd (UK),palladium,11,11,9,2,0,0,18,0,0
Palliative Care Association of Malawi,pacam,0,0,0,0,0,0,-,-,-
Palliative Care Support Trust,pcst,2,2,2,0,0,0,0,0,0
Pan Africa ILGA,pai155669,2,2,2,2,0,0,100,0,0
Pan African Climate Justice Alliance,pacja,2,2,2,1,1,1,50,50,50
Panos Institute West Africa (PIWA),ipao,0,0,0,0,0,0,-,-,-
Paradigm Initiative,paradigm,0,0,0,0,0,0,-,-,-
Partnership for African Social & Governance Research (PASGR),pasgr,0,0,0,0,0,0,-,-,-
partos,partos_nl,5,5,5,5,5,5,100,100,100
Pastoralist Girls Initiative,pgi_kenya,1,1,0,0,0,0,0,0,-
PATH,_path_,3,3,3,1,0,0,33,0,0
Pathfinder International,pathfinder1,1,1,1,0,0,0,0,0,0
PAX,pax,16,16,11,16,16,11,100,100,100
Peace Brigades International,pbi_io,0,0,0,0,0,0,-,-,-
Peace Direct,peacedirect,1,1,1,1,0,0,100,0,0
PEAS (Promoting Equality in African Schools),peas,3,3,3,0,0,0,0,0,0
Pegasys Limited,pegasys-eu,2,2,1,1,0,0,50,0,0
Penal Reform International,pri,0,0,0,0,0,0,-,-,-
People In Aid,peopleinaid,0,0,0,0,0,0,-,-,-
People in Need,pin,12,12,4,0,0,0,0,0,0
People's Process on Housing and Poverty in Zambia,pphpz,1,1,1,1,1,1,100,100,100
PHASE Nepal,phase-nepal,0,0,0,0,0,0,-,-,-
PHASE Worldwide,phase_worldwide,1,1,1,0,0,0,0,0,0
Plan International Belgium,pib,0,0,0,0,0,0,-,-,-
Plan International Finland,planinternationalfinland,0,0,0,0,0,0,-,-,-
Plan International Netherlands,plannlno,40,40,33,1,0,0,2,0,0
Plan International UK,plan_uk,15,15,8,4,2,0,27,13,0
Plan International USA,plan_usa,1,1,1,0,0,0,0,0,0
Plan Ireland Charitable Assistance Limited,plan_ireland,0,0,0,0,0,0,-,-,-
PlanBørnefonden,plb,1,1,1,1,0,0,100,0,0
Plataforma Moçambicana da Água (PLAMA),plama,0,0,0,0,0,0,-,-,-
Plateforme des Acteurs de la Société Civile au BENIN,pascib_benin,0,0,0,0,0,0,-,-,-
PONT,pont,0,0,0,0,0,0,-,-,-
Pontis Foundation,pontis,2,2,2,0,0,0,0,0,0
Population Media Center,pmc,2,2,1,0,0,0,0,0,0
Population Service International,psi,6,6,6,0,0,0,0,0,0
Population Services and Training Centre (PSTC),pstc_1102,2,2,2,0,0,0,0,0,0
Population Services Kenya,pskenya_19,3,3,3,0,0,0,0,0,0
PositiveNegatives,posneg,0,0,0,0,0,0,-,-,-
Power International,power,1,1,1,0,0,0,0,0,0
PPAG,ppag_123,0,0,0,0,0,0,-,-,-
PRACTICA Foundation,practica,0,0,0,0,0,0,-,-,-
Practical Action,pa,21,21,7,19,9,3,90,43,43
Pragya India,pragya,0,0,0,0,0,0,-,-,-
PRI Association,pri_icf,0,0,0,0,0,0,-,-,-
PricewaterhouseCoopers Private Limited India,pwcplindia,0,0,0,0,0,0,-,-,-
Prince Claus Fund,pcf,4,4,2,0,0,0,0,0,0
Private Infrastructure Development Group,pidg,123,123,121,0,0,0,0,0,0
Programming Their Future,p-t-f-,0,0,0,0,0,0,-,-,-
Progressio (closed),progressio,10,10,10,0,0,0,0,0,0
Project Harar,phe,0,0,0,0,0,0,-,-,-
Promundo-US,pmo-us,6,6,6,0,0,0,0,0,0
Prospero Limited,prospero,0,0,0,0,0,0,-,-,-
Protecting Families Against HIV/AIDS,prefa_1,1,1,1,0,0,0,0,0,0
Protos,protos,0,0,0,0,0,0,-,-,-
Public International Law & Policy Group,pilpg,1,1,1,1,0,0,100,0,0
Publish What You Fund,pwyf,3,3,3,0,0,0,0,0,0
PUM Netherlands,pumnl,0,0,0,0,0,0,-,-,-
Pump Aid,pumpaid,0,0,0,0,0,0,-,-,-
PwC,pwc,4,4,4,2,2,2,50,50,50
Queen Rania Foundation for Education and Development,qrfed,0,0,0,0,0,0,-,-,-
Quinoa,quinoa,0,0,0,0,0,0,-,-,-
Rabo Partnerships,rabo_partnerships,7,7,7,2,0,0,29,0,0
Radio La Benevolencija,rlb,1,1,0,1,0,0,100,0,-
Rahnuma-Family Planning Assocation of Pakistan,rfpap,0,0,0,0,0,0,-,-,-
Railway Children,rc,2,2,2,0,0,0,0,0,0
Railway Children Africa,rc2africa,0,0,0,0,0,0,-,-,-
RAIN Foundation (former),rainfoundation,0,0,0,0,0,0,-,-,-
Rainforest Action Network,ran,0,0,0,0,0,0,-,-,-
Rainforest Alliance,rainforest-alliance,1,1,1,0,0,0,0,0,0
Rainforest Foundation UK,rfuk,0,0,0,0,0,0,-,-,-
Raleigh International,raleigh_int,2,2,2,0,0,0,0,0,0
RCN Justice & Démocratie,rcn,0,0,0,0,0,0,-,-,-
Reach A Hand Uganda,rahuug,6,6,6,0,0,0,0,0,0
Red Cross Red Crescent Climate Centre,climate_centre,0,0,0,0,0,0,-,-,-
RedR UK,redruk,0,0,0,0,0,0,-,-,-
Regional Advisory Information and Network Systems,rains,2,2,1,0,0,0,0,0,0
"Rehabilitation, Education and Community Health (REACH)",reach-iraq,0,0,0,0,0,0,-,-,-
Relief International UK,ri-uk,0,0,0,0,0,0,-,-,-
Rene Moawad Foundation,rmf-lb,0,0,0,0,0,0,-,-,-
Republic of Korea,odakorea,1235,1226,618,1078,0,0,87,0,0
Resilience,resilience,1,1,1,0,0,0,0,0,0
Resource Extraction Monitoring,rem,0,0,0,0,0,0,-,-,-
Responsible Mining Foundation,rmf,0,0,0,0,0,0,-,-,-
Restart Center,restartcenter,1,1,1,0,0,0,0,0,0
Restless Development,restless,2,2,1,2,1,1,100,50,100
Results for Development,r4d,9,9,6,9,8,0,100,89,0
Retrak,retrak,0,0,0,0,0,0,-,-,-
Right to Play Netherlands Foundation,rtp,0,0,0,0,0,0,-,-,-
Rights and Resources Initaitive,rri,0,0,0,0,0,0,-,-,-
Rikolto,rikolto,0,0,0,0,0,0,-,-,-
Rikolto in Belgium,rikolto_belgium,0,0,0,0,0,0,-,-,-
Riverrecycle Oy,riverrecycle,1,1,1,1,1,0,100,100,0
Rocky Mountain Institute,rmi,0,0,0,0,0,0,-,-,-
Rode Kruis-Vlaanderen Internationaal vzw,rkiv,0,0,0,0,0,0,-,-,-
Rojiroti UK,rojiroti,0,0,0,0,0,0,-,-,-
Rotary Clubs For Development,rc4d,0,0,0,0,0,0,-,-,-
Royal College of General Practitioners (RCGP),rcgp-international,0,0,0,0,0,0,-,-,-
Royal College of Obstetricians & Gynaecologists,rcog_resilience_in_obstetric_skills,1,1,1,0,0,0,0,0,0
Royal Commonwealth Ex-Sevices League,rcel,1,1,1,1,1,0,100,100,0
Royal Institute of International Affairs,riia,2,2,2,0,0,0,0,0,0
Royal National Lifeboat Institution (RNLI),rnli_international,0,0,0,0,0,0,-,-,-
Royal Netherlands Football Association,knvb,0,0,0,0,0,0,-,-,-
Royal Society for the Protection of Birds,rspb_,0,0,0,0,0,0,-,-,-
Royal Tropical Institute,kit,15,15,15,7,7,11,47,47,73
RUAF Foundation,ruaf,0,0,0,0,0,0,-,-,-
Rutgers,rutgers,21,21,21,14,14,14,67,67,67
Sabre Education Limited,sct,0,0,0,0,0,0,-,-,-
Saferworld,saferworld,6,6,5,1,0,0,17,0,0
Samaritan's Purse UK,spuk,1,1,1,0,0,0,0,0,0
Sana'a Center for Strategic Studies,scss,1,1,1,0,0,0,0,0,0
Satellite Applications Catapult Ltd,satelliteapplicationscatapultltd,1,1,1,1,0,0,100,0,0
Savana Signatures,savsign-org,0,0,0,0,0,0,-,-,-
Save the Children DK,redbarnet,0,0,0,0,0,0,-,-,-
Save the Children International,sci,17,17,2,0,0,0,0,0,0
Save the Children Netherlands,scnl,19,19,11,19,19,4,100,100,36
Save the Children UK,scuk,0,0,0,0,0,0,-,-,-
SCI Projets Internationaux ASBL_Service Civil International branche belge,scibelgium,0,0,0,0,0,0,-,-,-
Scotland's International Development Alliance,sinda,0,0,0,0,0,0,-,-,-
Scottish Catholic International Aid Fund (SCIAF),sciaf,1,1,1,1,1,0,100,100,0
"SDSN Association, Inc.",sdsna,1,1,0,1,1,0,100,100,-
Search for Common Ground (SFCG),sfcg,13,13,13,12,12,12,92,92,92
SECOURS CATHOLIQUE - CARITAS FRANCE,sccf,217,217,217,121,0,0,56,0,0
Secrétariat de Concertation des Organisations Non Gouvernementales Maliennes,seco-ong-mali,0,0,0,0,0,0,-,-,-
Secrétariat Permanent des Organisation non-gouvernementales du Burkina Faso (SPONG-BURKINA),spong-burkina,0,0,0,0,0,0,-,-,-
Seefar,seefar,0,0,0,0,0,0,-,-,-
SeeYou Foundation,syf,4,4,4,4,4,4,100,100,100
Sehat Kahani (Community Innovation Hub),sehatkahanicih,0,0,0,0,0,0,-,-,-
Self Help Africa,self-help-africa,0,0,0,0,0,0,-,-,-
Send a Cow,sendacow,4,4,3,1,1,0,25,25,0
Send a Cow Ethiopia,sacethiopia,0,0,0,0,0,0,-,-,-
Send a Cow Kenya,sac_kenya,0,0,0,0,0,0,-,-,-
Send a Cow Uganda,sacu,1,1,0,0,0,0,0,0,-
Sense International,sense_international,6,6,5,3,2,1,50,33,20
Sensorial Handicap Cooperation,shc,0,0,0,0,0,0,-,-,-
Sexual Reproductive Health and Rights Africa Trust,srhr_africa_trust,11,11,11,11,11,11,100,100,100
Shack Dwellers International - Kenya,sdi-k,1,1,1,1,1,1,100,100,100
ShelterBox,shelterbox,0,0,0,0,0,0,-,-,-
Shift Project Ltd.,shiftproject,5,5,5,0,0,0,0,0,0
Shortlist Professionals Limited,shortlistogti,1,1,1,0,0,0,0,0,0
Sightsavers,ss-org,83,83,47,66,54,0,80,65,0
Signal,signal,1,1,1,0,0,0,0,0,0
SIHA Network,siharegional,2,2,2,0,0,0,0,0,0
siiqqee Women's Development Association,swda,1,1,1,1,1,1,100,100,100
Silsab Foundation,silsab1-_,1,1,1,0,0,0,0,0,0
Simavi,simavi,5,5,0,4,4,0,80,80,-
Simprints,simprints,0,0,0,0,0,0,-,-,-
Siren Associates,siren,0,0,0,0,0,0,-,-,-
Sisonke National Sex Workers Movement,sisonke,3,3,3,3,0,0,100,0,0
Slovenia - Ministry of Foreign Affairs,si-mfa,0,0,0,0,0,0,-,-,-
Slum Dwellers International,sdi-int,2,2,2,2,1,1,100,50,50
Small Arms Survey,sas_sana,0,0,0,0,0,0,-,-,-
SNV Netherlands Development Organisation,snv,13,13,5,4,4,0,31,31,0
SOAS University of London,soas,2,2,2,1,1,0,50,50,0
Sociaal-Economische Raad,ser,6,6,4,1,1,1,17,17,25
Social Accountability International,social_accountability_international,1,1,1,0,0,0,0,0,0
Social Development Direct Limited,sddirect,14,14,13,1,0,0,7,0,0
"Social Fund for Development, Yemen",sfd-yemen,173,173,173,0,0,0,0,0,0
Social Impact Lab CIC,simlab,2,2,2,0,0,0,0,0,0
Social Watch Benin,swb_1,0,0,0,0,0,0,-,-,-
Société Nationale des eaux du Bénin (SONEB),soneb-benin,0,0,0,0,0,0,-,-,-
SolarNow Services (U) Ltd,solarnowsofa,4,4,4,1,0,0,25,0,0
Solidagro,solidagro_admin,0,0,0,0,0,0,-,-,-
Solidar Suisse,solidarsuisse,1,1,1,1,1,1,100,100,100
Solidaridad,solidaridad,74,74,60,0,0,0,0,0,0
Solidaridad Europe,solidaridad-europe,4,4,0,0,0,0,0,0,-
Solidaridad South & South-East Asia,solidaridad-ssea,0,0,0,0,0,0,-,-,-
Solidaridad West Africa,solidaridad-waf,2,2,0,0,0,0,0,0,-
Solidarites International,solidarites-international,3,3,3,0,0,0,0,0,0
Solsoc,solsoc,0,0,0,0,0,0,-,-,-
Soluciones en Legislación y Política Ambiental AC,polea,0,0,0,0,0,0,-,-,-
Sonke Gender Justice,sjg,7,7,7,0,0,0,0,0,0
SOS Børnebyerne,sosdk,2,2,2,0,0,0,0,0,0
SOS Children's Villages Kenya,soscvkenya,0,0,0,0,0,0,-,-,-
SOS Children's Villages The Netherlands,sosnl,10,10,9,2,1,0,20,10,0
SOS FAIM - SOS HUNGER,sosfaim,0,0,0,0,0,0,-,-,-
SOS Italia,sosvdb_italia,0,0,0,0,0,0,-,-,-
SOS Jeunesse et Défis,sosjd6,1,1,1,0,0,0,0,0,0
SOS Kinderdorpen België / SOS Villages d'Enfants Belgique,svdbskb_admin,0,0,0,0,0,0,-,-,-
SOS Sahel International UK,sossaheluk,0,0,0,0,0,0,-,-,-
Sound Seekers Limited,soundseekers,0,0,0,0,0,0,-,-,-
South African Network of People who Use Drugs,sanpud,3,3,3,3,0,0,100,0,0
South Asian Women Development Forum,sawdf-admin,2,2,2,0,0,0,0,0,0
South West International Development Network,swidn,0,0,0,0,0,0,-,-,-
Southern African Catholic Bishops' Conference Aids Office,sacbc,0,0,0,0,0,0,-,-,-
SouthSouthNorth,ssn,10,10,9,10,9,8,100,90,89
Sowt podcasting and training L.L.C,sowt,0,0,0,0,0,0,-,-,-
Spain - Ministry of Foreign Affairs and Cooperation,maec,21,21,16,0,0,0,0,0,0
Spanish Agency for International Development Cooperation (AECID),aecid,168,168,30,36,0,0,21,0,0
SPARK,spark,6,6,4,0,0,0,0,0,0
Special Hope Network,shn,1,1,1,0,0,0,0,0,0
Stakeholder Democracy Network,sdn,1,1,0,1,0,0,100,0,-
STAR-Ghana Foundation,star_ghanafoundation,1,1,1,1,0,0,100,0,0
Stars Foundation,starsfoundation,1,1,1,0,0,0,0,0,0
STC International,stc-international,1,1,1,0,0,0,0,0,0
Stellenbosch University,su-impala,0,0,0,0,0,0,-,-,-
Stichting ActionAId,aanl,1,1,1,1,0,0,100,0,0
Stichting Aflatoun International,aflatoun,0,0,0,0,0,0,-,-,-
Stichting Agriterra,agriterra,18,18,5,0,0,0,0,0,0
Stichting Aidenvironment,aidenvironment,0,0,0,0,0,0,-,-,-
Stichting Beheer Subsidiegelden DRA,stichting-subsidiegelden-dra,0,0,0,0,0,0,-,-,-
Stichting Deltares,deltares,6,6,1,1,0,0,17,0,0
Stichting Fern,stichtingfern,21,21,21,3,3,3,14,14,14
Stichting fondsbeheer DGGF lokaal MKB,dggf_financing_local_smes,38,38,31,22,18,16,58,47,52
Stichting Habitat for Humanity Nederland,hfhnl,0,0,0,0,0,0,-,-,-
Stichting Health Action International,hai,2,2,2,1,1,1,50,50,50
Stichting Humana,humana_houben,1,1,1,0,0,0,0,0,0
Stichting Kinderpostzegels Nederland,skn,0,0,0,0,0,0,-,-,-
Stichting Leprazending Nederland - The Leprosy Mission Netherlands,leprazending-tlm-nl,4,4,4,4,4,4,100,100,100
Stichting Liliane Fonds,slf,7,7,7,7,0,0,100,0,0
Stichting Mayday Rescue Foundation,maydayrescue,1,1,1,0,0,0,0,0,0
Stichting Nederlands Instituut voor Internationale Betrekkingen 'Clingendael',clingendael,3,3,3,2,1,1,67,33,33
Stichting Onderzoek Multinationale Ondernemingen (SOMO),somo,2,2,2,1,1,1,50,50,50
Stichting Red een Kind,redeenkind,0,0,0,0,0,0,-,-,-
Stichting RNW Media,rnw_org,5,5,5,0,0,0,0,0,0
Stichting Vluchteling,st_vluchteling,3,3,1,2,0,0,67,0,0
Stichting VSO Nederland,vso_nl,7,7,7,7,0,0,100,0,0
Stichting VU Amsterdam - Amsterdam Centre for World Food Studies,acwfs_vu,7,7,7,0,0,0,0,0,0
Stichting Wilde Ganzen/ IKON,nl_wg,8,8,8,8,0,0,100,0,0
Stichting Wings For Aid Foundation,wfaf,1,1,0,1,0,0,100,0,-
Stichting Woord en Daad,w-d,3,3,1,2,2,0,67,67,0
Stockholm International Water Institute,siwi,1,1,1,0,0,0,0,0,0
Street Child,street_child,1,1,0,1,1,0,100,100,-
StreetInvest,si,1,1,1,0,0,0,0,0,0
Stromme Foundation,stromme_ug,0,0,0,0,0,0,-,-,-
Studio Globo,sg,0,0,0,0,0,0,-,-,-
Support Trust for Africa Development (STAD),stad,0,0,0,0,0,0,-,-,-
Survivors Fund (SURF),surf,1,1,1,0,0,0,0,0,0
Sustainable Development Institute,sdi,6,6,6,6,6,6,100,100,100
Sustainable Hospitality Alliance,sha,1,1,1,0,0,0,0,0,0
"Sweden, through Swedish International Development Cooperation Agency (Sida)",sida,6733,6733,3351,4318,2457,1082,64,36,32
Switzerland - Swiss Agency for Development and Cooperation (SDC),sdc_ch,10277,10277,8615,0,0,0,0,0,0
Sympany+,simone_sympany,0,0,0,0,0,0,-,-,-
Synergie des Femmes pour la Paix et la Réconciliation des Peuples des Grands Lacs d'Afrique,spr,1,1,1,1,1,1,100,100,100
Synergía - Initiatives for Human Rights,synergiaihr,0,0,0,0,0,0,-,-,-
Syria Justice and Accountability Centre (SJAC),sjac,1,1,1,1,1,1,100,100,100
Syria Relief,sr,1,1,1,0,0,0,0,0,0
Syrian Center for Media and Freedom of Expression,scm,4,4,4,0,0,0,0,0,0
Tameer-e-Khalaq Foundation,tkf1234,1,1,1,0,0,0,0,0,0
Tanager,tan,1,1,0,0,0,0,0,0,-
Target TB,targettb,0,0,0,0,0,0,-,-,-
TB Alert,tbalert,1,1,1,0,0,0,0,0,0
Teach A Man To Fish,tamtf,0,0,0,0,0,0,-,-,-
TEAR fund Nederland,tear,8,8,5,3,3,0,38,38,0
Tearfund,tearfund,3,3,2,1,1,0,33,33,0
Tearfund VZW (TFBE),tfb_admin1,0,0,0,0,0,0,-,-,-
TechnoServe,tns,2,2,2,1,1,0,50,50,0
Terre des Hommes Netherlands,tdh_nl,33,33,24,29,29,22,88,88,92
Terre des hommes- Aide à l'enfance dans le monde- Fondation,tdh_foundation,1,1,0,1,0,0,100,0,-
The Access to Nutrition Foundation,atnf,17,17,17,0,0,0,0,0,0
The AGRI3 Fund,agri3_fund,6,6,6,0,0,0,0,0,0
The Asia Foundation,taf,40,40,39,1,0,0,2,0,0
The Carter Center,carter-center,0,0,0,0,0,0,-,-,-
the center for victimized women and children,cavwoc,0,0,0,0,0,0,-,-,-
The Centre for Economic Governance and Accountability in Africa  (CEGAA),cegaa,7,7,7,0,0,0,0,0,0
The Climate Change Organisation,climate-group,0,0,0,0,0,0,-,-,-
The Coca-Cola Export Corporation,tccec,0,0,0,0,0,0,-,-,-
The Commonwealth Secretariat,commonwealthsecretariat,4,4,3,0,0,0,0,0,0
The Convention on Business Integrity,cbi-nigeria,0,0,0,0,0,0,-,-,-
The Education Commission,educomm,2,2,2,2,0,0,100,0,0
The Faraday Institution,thefaradayinstitution,1,1,0,1,0,0,100,0,-
The Foundation Center,foundation_center,0,0,0,0,0,0,-,-,-
The Fred Hollows Foundation (UK),fhfuk,0,0,0,0,0,0,-,-,-
The Freedom Fund,tff,4,4,4,0,0,0,0,0,0
The Freedom Fund (US),tffus,0,0,0,0,0,0,-,-,-
The Global Alliance for Improved Nutrition,gain,99,99,75,0,0,0,0,0,0
"The Global Development Incubator, Inc",gdi,2,2,2,2,2,2,100,100,100
The Global Forum on MSM & HIV (MSMGF),msmgf,6,6,6,0,0,0,0,0,0
"The Global Fund to Fight AIDS, Tuberculosis and Malaria",theglobalfund,254,254,100,246,238,50,97,94,50
The Global Initiative Against Transnational Organized Crime,gi-toc,0,0,0,0,0,0,-,-,-
the global steering group for impact investment,gsg,2,2,2,0,0,0,0,0,0
The Hague Academy for Local Governance,tha,7,7,7,7,7,7,100,100,100
The HALO Trust,halo,7,7,7,3,3,3,43,43,43
The Hunger Project Netherlands,thp_org,6,6,6,0,0,0,0,0,0
The Institute for Strategic Dialogue,isdglobal,0,0,0,0,0,0,-,-,-
The International Children's Trust,theict,1,1,1,0,0,0,0,0,0
The International Institute for Strategic Studies,iiss,0,0,0,0,0,0,-,-,-
The International Institute for Sustainable Development,iisd,1,1,1,1,0,0,100,0,0
The International Rescue Committee,irc_inc,9,9,5,5,1,1,56,11,20
The Legal Aid Forum,laf,2,2,2,0,0,0,0,0,0
The Leprosy Mission England and Wales,tlmew,2,2,2,1,0,0,50,0,0
The Leprosy Mission Nepal,tlmnepal,3,3,3,2,1,0,67,33,0
The Mailman School of Public Health,mailman_school_of_public_health,1,1,1,1,0,0,100,0,0
The MENTOR Initiative,the_mentor_initiative,1,1,1,1,0,0,100,0,0
The National Association of Municipalities of Benin (ANCB),ancb_benin,0,0,0,0,0,0,-,-,-
The OPEC Fund for International Development (OFID),ofid,1460,1460,1460,0,0,0,0,0,0
The Open University,open_university,6,6,3,4,3,1,67,50,33
"The Population Council, Inc.",populationcouncil,2,2,1,0,0,0,0,0,0
The Power of Nutrition,the_power_of_nutrition,13,13,7,8,6,2,62,46,29
The Princess Alia Foundation,paf_2018,4,4,4,0,0,0,0,0,0
The Proforest Initiative UK,pi-uk,2,2,2,0,0,0,0,0,0
The Queen Elizabeth Diamond Jubilee Trust,qedjt,0,0,0,0,0,0,-,-,-
The Salvation Army International Development UK,said-uk,1,1,1,0,0,0,0,0,0
The Samdhana Institute,samdhana_institute,1,1,1,1,0,0,100,0,0
The Uganda Association of Women Lawyers ( FIDA Uganda),fidauganda,1,1,1,0,0,0,0,0,0
The United Nations Relief and Works Agency for Palestine Refugees in the Near East (UNRWA),unrwa,28,28,5,28,0,0,100,0,0
"The University of Dodoma (UDOM), Tanzania",udom,0,0,0,0,0,0,-,-,-
The University of Manchester,uom,3,3,2,1,1,0,33,33,0
The University of Oxford,oxford,4,4,2,2,1,0,50,25,0
The University of Sheffield,tuos,0,0,0,0,0,0,-,-,-
"The University of the West of England, Bristol",uwe,1,1,1,0,0,0,0,0,0
The William and Flora Hewlett Foundation,hewlett-foundation,62,62,10,0,0,0,0,0,0
The World Bank,worldbank,1296,1296,846,1181,1122,723,91,87,85
Theatre for a Change Malawi,tfacmalawi,0,0,0,0,0,0,-,-,-
Theatre for a Change UK,tfac,0,0,0,0,0,0,-,-,-
Third World Network Africa,twnafrica,1,1,1,0,0,0,0,0,0
Thomson Reuters Foundation,trf,1,1,1,1,0,0,100,0,0
Timber Trade Federation Ltd.,ttf,0,0,0,0,0,0,-,-,-
Timidria,timidria,0,0,0,0,0,0,-,-,-
TradeMark East Africa,tmea,35,35,1,0,0,0,0,0,0
TRAFFIC International,traffic,1,1,1,0,0,0,0,0,0
Traidcraft Exchange,traidcraft,0,0,0,0,0,0,-,-,-
TRAIDE Foundation,traide_foundation,1,1,1,1,1,1,100,100,100
Transform Africa,transafrica19,0,0,0,0,0,0,-,-,-
transforma,transforma,0,0,0,0,0,0,-,-,-
Transition International,ti_nl,1,1,1,1,1,1,100,100,100
Transnational Institute,tni,1,1,1,1,0,0,100,0,0
Transparency International Bangladesh,tib,0,0,0,0,0,0,-,-,-
Transparency International Kenya,ti_kenya,0,0,0,0,0,0,-,-,-
Transparency International Secretariat,transparency-international,6,6,3,1,0,0,17,0,0
Transparency International UK,ti-uk,0,0,0,0,0,0,-,-,-
Transparently Lebanese,transparently_lebanese,1,1,1,0,0,0,0,0,0
TREE AID,treea,2,2,2,0,0,0,0,0,0
Triangle Génération Humanitaire,tgh,0,0,0,0,0,0,-,-,-
Trianglen,trianglen,41,41,41,14,4,0,34,10,0
Trias,trias,0,0,0,0,0,0,-,-,-
Triggerise Ethiopia,trig,2,2,2,0,0,0,0,0,0
Triple Line,tripleline_crownagents,113,113,113,0,0,0,0,0,0
Trocaire,trocaire,0,0,0,0,0,0,-,-,-
Trocaire (Northern Ireland),troc,0,0,0,0,0,0,-,-,-
Tropenbos International,tbi,24,24,16,13,2,1,54,8,6
Tropical Health and Education Trust,tropicalhealth,1,1,1,0,0,0,0,0,0
Trust for Africa's Orphans,tao-03473165,0,0,0,0,0,0,-,-,-
Trust for Indigenous Culture and Health,ticah,1,1,1,0,0,0,0,0,0
TrustAfrica,trustafrica,16,16,16,16,16,16,100,100,100
Twaweza,twaweza,0,0,0,0,0,0,-,-,-
Twin,twin-iati,2,2,2,0,0,0,0,0,0
Twynstra Gudde,twynstragudde,0,0,0,0,0,0,-,-,-
Uganda Martyrs University,umu,0,0,0,0,0,0,-,-,-
UHAI EASHRI,uhai-eashri,9,9,9,8,3,3,89,33,33
"UK - Department for Business, Energy and Industrial Strategy (BEIS)",beis,182,182,47,96,76,5,53,42,11
"UK - Department for Digital, Culture, Media and Sport",dcms,1,1,1,0,0,0,0,0,0
"UK - Department for Environment, Food and Rural Affairs",defra_transparency,16,16,13,6,5,1,38,31,8
UK - Department for Work and Pensions,dwp,1,1,1,1,0,0,100,0,0
UK - Department of Health and Social Care (DHSC),dhsc,70,70,47,51,44,31,73,63,66
"UK - Foreign, Commonwealth and Development Office",fcdo,1592,1592,1019,938,565,302,59,35,30
UK - Home Office,homeoffice,0,0,0,0,0,0,-,-,-
UK - Medical Research Council,mrc,186,186,186,0,0,0,0,0,0
UK - Ministry of Defence,ukmod,0,0,0,0,0,0,-,-,-
UK - Scottish Government,scottish_government,0,0,0,0,0,0,-,-,-
UK – Department for Education,dfe,0,0,0,0,0,0,-,-,-
UK-Med,uk-med,2,2,2,0,0,0,0,0,0
ULB-Coopération,ulbcoop,0,0,0,0,0,0,-,-,-
UN Global Compact Local Network UK,ungc-uk,1,1,1,1,0,0,100,0,0
UN Pooled Funds,unpf,9198,9198,9145,0,0,0,0,0,0
UN Women,unw,697,697,501,634,493,285,91,71,57
UN-Habitat,unhabitat,29,29,16,0,0,0,0,0,0
Unicef Belgium National Committee,ub,0,0,0,0,0,0,-,-,-
UNICEF Netherlands National Committee,unicefnl,2,2,2,0,0,0,0,0,0
Unie van Waterschappen,uvw,19,19,19,18,0,0,95,0,0
Unilever,ul,1,1,1,0,0,0,0,0,0
Union des Villes et Communes de Wallonie (UVCW),uvcw,0,0,0,0,0,0,-,-,-
Union of Agricultural Work Committees,uawc,0,0,0,0,0,0,-,-,-
UNITAID,utd,9,9,5,9,7,4,100,78,80
United Disabled Persons of Kenya,udpk,0,0,0,0,0,0,-,-,-
United Mission to Nepal,umn,0,0,0,0,0,0,-,-,-
United Nations Capital Development Fund,uncdf,9,9,5,0,0,0,0,0,0
United Nations Central Emergency Response Fund (CERF),cerf,119,119,35,119,119,35,100,100,100
United Nations Children's Fund (UNICEF),unicef,2114,2114,1626,2114,2114,1626,100,100,100
United Nations Development Coordination Office,undco,1,1,1,0,0,0,0,0,0
United Nations Development Programme (UNDP),undp,2578,2578,1131,2403,1643,673,93,64,60
"United Nations Educational, Scientific and Cultural Organization (UNESCO)",unesco,271,271,98,271,240,90,100,89,92
United Nations Environment Programme (UNEP),un-environment,6,6,2,6,3,2,100,50,100
United Nations Foundation,unf,2,2,1,1,0,0,50,0,0
United Nations High Commissioner for Refugees (UNHCR),unhcr,26,26,26,26,26,26,100,100,100
United Nations Industrial Development Organization (UNIDO),unido,447,447,248,418,162,51,94,36,21
United Nations Joint Programme on HIV and AIDS Secretariat (UNAIDS),unaids,0,0,0,0,0,0,-,-,-
United Nations Office for Project Services (UNOPS),unops,1904,1904,1904,157,0,0,8,0,0
United Nations Office for the Coordination of Humanitarian Affairs (OCHA),unocha,44,44,44,44,44,44,100,100,100
United Nations Office for the Coordination of Humanitarian Affairs (Specially-Designated Contributions),unocha-sdc,1,1,0,1,0,0,100,0,-
United Nations Population Fund,unfpa,0,0,0,0,0,0,-,-,-
United Nations World Food Programme (WFP),wfp,483,483,243,483,483,243,100,100,100
United Purpose,cu,1,1,0,0,0,0,0,0,-
United States,unitedstates,1883,1883,1125,0,0,0,0,0,0
United States Agency for International Development (USAID),usaid,1912,1912,1134,0,0,0,0,0,0
United Work,united_work,0,0,0,0,0,0,-,-,-
Universidad de los Andes,uand_2020,0,0,0,0,0,0,-,-,-
Universitair Centrum voor Ontwikkelingssamenwerking,ucos,0,0,0,0,0,0,-,-,-
Universiteit Leiden,universiteit_leiden,1,1,1,1,1,1,100,100,100
Universiti Malaya,rmc_um,0,0,0,0,0,0,-,-,-
University College London,ucl,1,1,1,0,0,0,0,0,0
University of Amsterdam,uva_org,1,1,1,0,0,0,0,0,0
University of Birmingham,universityofbirmingham,2,2,2,1,0,0,50,0,0
University of Cape Town,uct,0,0,0,0,0,0,-,-,-
University of Central Lancashire,uclan,1,1,1,0,0,0,0,0,0
University of Dar es Salaam,udsm-cbs,0,0,0,0,0,0,-,-,-
University of Dundee,uodcepmlp,2,2,2,0,0,0,0,0,0
University of Edinburgh,uoe,1,1,1,0,0,0,0,0,0
University of Kinshasa,dspd_unikin,3,3,3,0,0,0,0,0,0
University of Leeds,leedsuni,1,1,1,1,1,1,100,100,100
University Of Liverpool,uol,2,2,2,0,0,0,0,0,0
University of Nottingham,uni_of_nottingham,0,0,0,0,0,0,-,-,-
University of York,uoy,0,0,0,0,0,0,-,-,-
University Of Zimbabwe,1-uz,1,1,1,0,0,0,0,0,0
University Putra Malaysia,upm,0,0,0,0,0,0,-,-,-
University Twente,utwente,0,0,0,0,0,0,-,-,-
Upper Quartile,uq,0,0,0,0,0,0,-,-,-
Urgent Action Fund for Women's Human Rights,uaf,4,4,4,4,4,4,100,100,100
Urgent Action Fund Latin America and the Caribbean,uafla,0,0,0,0,0,0,-,-,-
Urgent Action Fund-Africa,uaf-africa,4,4,4,4,4,4,100,100,100
UTZ,utz,0,0,0,0,0,0,-,-,-
UWEZO Youth Empowerment,uwezo_youth_empowerment,0,0,0,0,0,0,-,-,-
Varkey Foundation,varkeyfoundation,38,38,38,0,0,0,0,0,0
VEI (Vitens-Evides International),vei_nl,4,4,4,1,1,1,25,25,25
VETERINAIRES SANS FRONTIERES / DIERENARTSEN ZONDER GRENZEN - BELGIUM,vsfbelgium,0,0,0,0,0,0,-,-,-
VIA Don Bosco,via-db,0,0,0,0,0,0,-,-,-
Village Enterprise,villageenterprise,0,0,0,0,0,0,-,-,-
Village Water Ltd,villagewater,1,1,1,0,0,0,0,0,0
Vision Aid Overseas,vao,1,1,1,0,0,0,0,0,0
Vision for a Nation Foundation,vfan,0,0,0,0,0,0,-,-,-
VisionFund International,vfi,0,0,0,0,0,0,-,-,-
Viva,viva,1,1,1,1,1,0,100,100,0
Viva Salud,g3w-m3m_admin,0,0,0,0,0,0,-,-,-
Vlaamse Interuniversitaire Raad voor Universitaire Ontwikkelingssamenwerking (VLIR-UOS),vlir-uos,0,0,0,0,0,0,-,-,-
VNG International,vngi,10,10,9,0,0,0,0,0,0
Voluntary Health Association of India,vhai-org,0,0,0,0,0,0,-,-,-
Voluntary Service Overseas (VSO),vso,4,4,2,2,0,0,50,0,0
VVOB Education for Development,vvob,0,0,0,0,0,0,-,-,-
VVSG - Vereniging van Vlaamse Steden en Gemeenten,vvsg,0,0,0,0,0,0,-,-,-
Wageningen University & Research - Stichting Wageningen Research,wageningen_ur,2,2,2,1,1,1,50,50,50
Wala Ltd,walaltd,1,1,1,0,0,0,0,0,0
War Child Canada,wcc,0,0,0,0,0,0,-,-,-
War Child Holland,warchildholland,8,8,7,0,0,0,0,0,0
War Child UK,wcuk,11,11,10,0,0,0,0,0,0
War on Want,waronwant,1,1,1,0,0,0,0,0,0
War on Want NI,wowni,0,0,0,0,0,0,-,-,-
WASH Alliance International,wai,0,0,0,0,0,0,-,-,-
WASTE advisers on urban environment and development,waste,1,1,1,1,1,1,100,100,100
WasteAid UK,wasteaid,3,3,3,0,0,0,0,0,0
Water & Land Resource Center - Addis Ababa University,wlrc_aau,1,1,1,0,0,0,0,0,0
Water & Sanitation for the Urban Poor (WSUP),wsup,0,0,0,0,0,0,-,-,-
Water Finance Facility,wff,1,1,1,0,0,0,0,0,0
Water for People,w4p,0,0,0,0,0,0,-,-,-
Water Integrity Network Association,win,6,6,6,0,0,0,0,0,0
Water Witness International,water-witness-international,6,6,6,0,0,0,0,0,0
Water Works,waterworks,0,0,0,0,0,0,-,-,-
WaterAid,wateraid,55,55,50,0,0,0,0,0,0
Wayamo Foundation,wayamo,0,0,0,0,0,0,-,-,-
We Effect,weeffect,2,2,2,0,0,0,0,0,0
We World - GVC Onlus,ww-gvc,0,0,0,0,0,0,-,-,-
Welbodi Partnership,welbodipartnership,0,0,0,0,0,0,-,-,-
Wellfound,wellfound,2,2,2,0,0,0,0,0,0
Welsh Centre for International Affairs,wcia,0,0,0,0,0,0,-,-,-
Welthungerhilfe,whh,3,3,1,2,2,0,67,67,0
Wemos Foundation,wemos,8,8,8,8,1,1,100,12,12
Wereldsolidariteit-Solidarité Mondiale (WSM),wsm,0,0,0,0,0,0,-,-,-
West Africa Network for Peacebuilding,wanep,1,1,1,1,1,1,100,100,100
Westminster Foundation for Democracy,wfd,2,2,1,0,0,0,0,0,0
Wetlands International,wi,0,0,0,0,0,0,-,-,-
Wildlife Conservation Society,wcs,0,0,0,0,0,0,-,-,-
WILPF,wilpf_22,0,0,0,0,0,0,-,-,-
Win Win Strategies,wws,1,1,1,1,1,1,100,100,100
Windle Trust Kenya,wtk,1,1,1,0,0,0,0,0,0
WNF Wereld Natuur Fonds,wnf,8,8,8,4,3,2,50,38,25
"WO=MEN, Dutch Gender Platform",wo-men,4,4,4,1,1,1,25,25,25
Wolayita Development Association,woda_0486,0,0,0,0,0,0,-,-,-
Womankind Worldwide,womankindworld,4,4,4,1,1,1,25,25,25
Women and Children First (UK),wcf,0,0,0,0,0,0,-,-,-
Women Challenged to Challenge,wctc,1,1,1,1,1,1,100,100,100
Women Engage for a Common Future,wecf,14,14,14,14,14,14,100,100,100
Women Environmental Programme,wep,17,17,17,0,0,0,0,0,0
Women for Women International (UK),wfwiuk,0,0,0,0,0,0,-,-,-
Women Peacemakers Program,wpp,1,1,1,0,0,0,0,0,0
Women's Action Group,wag-1983,0,0,0,0,0,0,-,-,-
Women's Environment & Development Organization,wedo,0,0,0,0,0,0,-,-,-
Women's Fund Asia,wf-asia,5,5,5,5,5,5,100,100,100
Women's Global Network on Reproductive Rights,wgnrr_iati,0,0,0,0,0,0,-,-,-
Women's International Peace Centre,wipc,1,1,1,1,1,1,100,100,100
Women's Refugee Commission,w_r_c,0,0,0,0,0,0,-,-,-
World Agroforestry Centre,icraf_,0,0,0,0,0,0,-,-,-
World Association for Christian Communication (UK),wacc-uk,0,0,0,0,0,0,-,-,-
World Bank Trust Funds,wbtf,163,163,87,0,0,0,0,0,0
World Benchmarking Alliance Foundation,wba,1,1,1,0,0,0,0,0,0
World Child Cancer UK,wccuk,5,5,5,3,2,0,60,40,0
World Economic Forum,worldeconomicforum,1,1,1,0,0,0,0,0,0
World Economic Forum Geneva,weforum_geneva,0,0,0,0,0,0,-,-,-
World Education Inc.,wei,1,1,1,0,0,0,0,0,0
World Federalist Movement - Institute for Global Policy,wfm-igp,1,1,1,0,0,0,0,0,0
World Health Organization (WHO),who,4705,4705,0,4705,4705,0,100,100,-
World Horse Welfare,whw2019,1,1,1,0,0,0,0,0,0
World Jewish Relief,wjr_001,0,0,0,0,0,0,-,-,-
World Resources Institute,wri,0,0,0,0,0,0,-,-,-
World University Service of Canada,wusc,1,1,1,0,0,0,0,0,0
World Vegetable Center,worldveg,6,6,3,6,4,3,100,67,100
World Vision Central African Republic,wv_cf,0,0,0,0,0,0,-,-,-
World Vision Democratic Republic of Congo,wv_cd,0,0,0,0,0,0,-,-,-
World Vision Ethiopia,wv_et_activities,0,0,0,0,0,0,-,-,-
World Vision Germany,wv_de,12,12,3,0,0,0,0,0,0
World Vision International,wvi,0,0,0,0,0,0,-,-,-
World Vision Netherlands,wvnld,7,7,6,1,0,0,14,0,0
World Vision UK,wvuk,10,10,7,7,6,1,70,60,14
World Vision Zimbabwe,wvz-gec,0,0,0,0,0,0,-,-,-
World Waternet,worldwaternet,6,6,0,6,6,0,100,100,-
World Wide Fund for Nature - Kenya,wwf-kenya,2,2,2,1,1,1,50,50,50
World Wide Fund for Nature - Pakistan,wwfpakistan,0,0,0,0,0,0,-,-,-
World Wide Fund for Nature Belgium (WWF-BE),wwf-be,0,0,0,0,0,0,-,-,-
World Wide Fund for Nature Denmark,wwfdk,7,7,7,0,0,0,0,0,0
World Wide Fund for Nature Zambia,wwfzambia,1,1,1,1,1,1,100,100,100
World Young Women's Christian Association,world_ywca,5,5,5,1,1,1,20,20,20
Worldwide Hospice Palliative Care Alliance,whpca,0,0,0,0,0,0,-,-,-
WSP USA Solutions Inc.,lbg,0,0,0,0,0,0,-,-,-
WWF Indonesia,wwf_id,1,1,1,1,1,1,100,100,100
WWF Paraguay,wwf-py,1,1,1,0,0,0,0,0,0
WWF Sweden,wwf-se,1,1,1,0,0,0,0,0,0
WWF TUNISIA,wwfna,1,1,1,1,1,0,100,100,0
WWF-BRASIL,wwfbr,1,1,1,1,1,1,100,100,100
WWF-UK,wwf-uk,325,325,325,0,0,0,0,0,0
WYG International B.V.,wygi,2,2,1,1,1,0,50,50,0
Y Care International,ycare,1,1,1,0,0,0,0,0,0
Yamaan Foundation for Health and Social Development,yffhsd,1,1,1,1,1,1,100,100,100
Yayasan PEKKA,pekka_21,1,1,1,1,1,1,100,100,100
YMCA of Liberia,libymca,1,1,1,0,0,0,0,0,0
Young Africa International HUB,yai-hub,1,1,1,0,0,0,0,0,0
Young Innovations Pvt. Ltd,yipl,2,2,2,0,0,0,0,0,0
Young Women Christian Association of South Sudan (YWCA SS),ywcass,1,1,1,1,1,1,100,100,100
Young Women's Christian Association of Kenya,ywcakenya,1,1,1,1,1,1,100,100,100
Youth Business International,ybi,0,0,0,0,0,0,-,-,-
Youth Development Labs Inc,ylabs,1,1,1,0,0,0,0,0,0
Youth Net and Counselling - YONECO,yoneco1997,1,1,1,0,0,0,0,0,0
YWCA of Bangladesh,ywcabd,0,0,0,0,0,0,-,-,-
YWCA Palestine,ywca,1,1,1,1,1,1,100,100,100
Zambia Orphans Aid UK,zoa_uk,0,0,0,0,0,0,-,-,-
Zimbabwe Educational Trust,zet,0,0,0,0,0,0,-,-,-
Zimmerman Zimmerman,zimmzimm,0,0,0,0,0,0,-,-,-
Zing,zing,13,13,13,0,0,0,0,0,0
ZOA,zoa,12,12,9,10,10,8,83,83,89
Zoological Society of London,zsl,6,6,5,4,4,0,67,67,0
